index,published,keyword,domain,language,valid,title,description,url,image,archive,content,quote,de,en,la,added
4e6cfea888c274cc4ffb2163680ae3df,2026-07-01T01:53:56Z,'earthquake charity',www.scoop.co.nz,en,0.3,Venezuela Quake: Key Services Crippled And Health Workers Missing,Search and rescue operations continued in Venezuela on Tuesday as thousands of displaced survivors struggled to find shelter and humanitarians issued an alert over the spread of infectious disease.,https://www.scoop.co.nz/stories/WO2607/S00001/venezuela-quake-key-services-crippled-and-health-workers-missing.htm,http://img.scoop.co.nz/stories/images/1908/scoop_image.jpg,,"Wednesday, 1 July 2026, 1:45 pmPress Release: UN News
By Dominika Tomaszewska-Mortimer30 June
2026
The UN aid effort - Key Facts
<ul><li>Six
days after the earthquakes, UNHCR reports widespread … [+4750 chars]",,"Erdbeben in Venezuela: Wichtige Dienste lahmgelegt und Gesundheitspersonal vermisst. Die Such- und Rettungsaktionen wurden am Dienstag in Venezuela fortgesetzt, da Tausende vertriebene Überlebende Schwierigkeiten hatten, Schutz zu finden, und humanitäre Helfer eine Warnung wegen der Ausbreitung von Infektionskrankheiten ausriefen.",Venezuela Quake: Key Services Crippled And Health Workers Missing. Search and rescue operations continued in Venezuela on Tuesday as thousands of displaced survivors struggled to find shelter and humanitarians issued an alert over the spread of infectious disease.,"Venezuela Quake: Key Services Crippled And Health Operariorum Absentis. Exquire et liberare operationes in Venezuela die Martis ad mille superstites luxatis continuata tegimen conabantur, et humanitarii per propagationem morbi contagiosi elaborarunt.",2026-07-02 23:44:19+00:00
6065bae5ea24c86a9052e90bd76d1b5e,2026-07-01T06:46:00Z,'earthquake charity',www.christiantoday.com,en,0.3,"Some families have had to remove their own dead from rubble in Venezuela, says church leader","Church sources in the country fear as many as 250,000 people may have been left homeless.",https://www.christiantoday.com/news/some-families-have-had-to-remove-their-own-dead-from-rubble-in-venezuela-says-church-leader,https://www.christiantoday.com/media/original/thumbnail/14/51/145169.jpg,http://web.archive.org/web/20260702043351/https://www.christiantoday.com/news/some-families-have-had-to-remove-their-own-dead-from-rubble-in-venezuela-says-church-leader,"Damage caused by the earthquake in La Guaira, Venezuela (Photo: Aid to the Church in Need)
Church sources in Venezuela believe that a quarter of a million people may have been left homeless as a res… [+2453 chars]",,"Einige Familien mussten in Venezuela ihre eigenen Toten aus den Trümmern bergen, sagt Kirchenführer. Kirchenquellen im Land befürchten, dass bis zu 250.000 Menschen obdachlos geworden sein könnten.","Some families have had to remove their own dead from rubble in Venezuela, says church leader. Church sources in the country fear as many as 250,000 people may have been left homeless.","Quidam familias suos mortuos a ruderibus in Venezuela removere debuit, dicit princeps ecclesiae. Fontes Ecclesiae in patria timent quotquot 250.000 hominum profugo sunt relicti.",2026-07-02 23:44:19+00:00
27c6323fd0e1acc3ea8c3412d0e7d419,2026-07-01T21:32:23Z,'earthquake disaster',foreignpolicy.com,en,0.7,The Political Aftershocks of Venezuela’s Earthquakes,The disasters exposed Delcy Rodríguez’s weak grasp on power.,http://foreignpolicy.com/2026/07/01/venezuela-earthquakes-us-politics-rodriguez-maduro-machado/,https://foreignpolicy.com/wp-content/uploads/2026/07/VenezuelaEarthquake-1-GettyImages-2283434585.jpg,http://web.archive.org/web/20260702001311/https://foreignpolicy.com/2026/07/01/venezuela-earthquakes-us-politics-rodriguez-maduro-machado/,"CARACASWhen U.S. forces seized Venezuelan President Nicolás Maduro on Jan. 3, Washington did not hand power to opposition candidate Edmundo González, the real winner of Venezuelas fraudulent 2024 ele… [+11602 chars]",,Die politischen Nachbeben der Erdbeben in Venezuela. Die Katastrophen offenbarten Delcy Rodríguez‘ schwaches Machtverständnis.,The Political Aftershocks of Venezuela’s Earthquakes. The disasters exposed Delcy Rodríguez’s weak grasp on power.,Political Aftershocks de Venezuela's Terrae motus. Clades expositae Delcy Rodríguez in potentia debilitatem habes.,2026-07-02 23:44:19+00:00
0ed7ae082c61c805d0a76d1bf27b8752,2026-07-01T04:59:58Z,'earthquake',www.bbc.com,en,0.9,Oxfam in 'race against time' after Venezuela earthquake,The Oxford-based charity has launched an emergency appeal for those affected by the disaster.,https://www.bbc.com/news/articles/cvge36erw0vo?xtor=AL-72-%5Bpartner%5D-%5Byahoo.north.america%5D-%5Bheadline%5D-%5Bnews%5D-%5Bbizdev%5D-%5Bisapi%5D,https://s.yimg.com/lo/mysterio/api/a3f63f85e5153bfa6d96d447e639062de9852ca17b3b2dc0c6cd0ec2f74537c5/lightyear_networkapi/resizefill_w1200;quality_80;format_webp/https:%2F%2Fmedia.zenfs.com%2Fen%2Fbbc_us_articles_995%2F05110de03f4815fc48411cf0c172d57a,http://web.archive.org/web/20260701220706/https://www.bbc.com/news/articles/cvge36erw0vo?xtor=AL-72-%5Bpartner%5D-%5Byahoo.north.america%5D-%5Bheadline%5D-%5Bnews%5D-%5Bbizdev%5D-%5Bisapi%5D,"It is now ""a race against time"" to get the required help to Venezuela after the South American country was hit by two ""immense"" earthquakes last week, Oxfam has said.
Two strong earthquakes struck V… [+2463 chars]",,Oxfam im „Wettlauf gegen die Zeit“ nach Erdbeben in Venezuela. Die in Oxford ansässige Wohltätigkeitsorganisation hat einen Nothilfeaufruf für die von der Katastrophe Betroffenen gestartet.,Oxfam in 'race against time' after Venezuela earthquake. The Oxford-based charity has launched an emergency appeal for those affected by the disaster.,Oxfam in 'genere contra tempus' post Venezuela terrae motus. In caritate Oxoniensi subnixa provocationem repentina pro iis qui calamitate affecti sunt movit.,2026-07-02 23:44:19+00:00
23a24cd2aeaae10ada09c3ab3dda62cd,2026-07-01T05:16:55Z,'earthquake damage',biztoc.com,en,0.9,Oxfam in 'race against time' after Venezuela earthquake,"It is now ""a race against time"" to get the required help to Venezuela after the South American country was hit by two ""immense"" earthquakes last week, Oxfam has said.
Two strong earthquakes struck Venezuela within seconds of one another on Wednesday, causing …",https://biztoc.com/x/dfa6725e34858640,https://biztoc.com/cdn/dfa6725e34858640_s.webp,,"It is now ""a race against time"" to get the required help to Venezuela after the South American country was hit by two ""immense"" earthquakes last week, Oxfam has said.Two strong earthquakes struck Ven… [+138 chars]",,"Oxfam im „Wettlauf gegen die Zeit“ nach Erdbeben in Venezuela. Es sei nun „ein Wettlauf gegen die Zeit“, die benötigte Hilfe nach Venezuela zu bekommen, nachdem das südamerikanische Land letzte Woche von zwei „gewaltigen“ Erdbeben heimgesucht wurde, sagte Oxfam.
Zwei starke Erdbeben erschütterten Venezuela am Mittwoch innerhalb von Sekunden und verursachten …","Oxfam in 'race against time' after Venezuela earthquake. It is now ""a race against time"" to get the required help to Venezuela after the South American country was hit by two ""immense"" earthquakes last week, Oxfam has said.
Two strong earthquakes struck Venezuela within seconds of one another on Wednesday, causing …","Oxfam in 'genere contra tempus' post Venezuela terrae motus. Nunc est ""gens contra tempus"" ad auxilium requisitum Venezuela impetrandum postquam terra Americana Australis duobus motibus ""immensibus"" terrae motus septimana proxima factus est, Oxfam dixit.
Duo terrae motus validi Venezuela in minutis secundis inter se die mercurii percussi sunt, causando ...",2026-07-02 23:44:19+00:00
33d68bcb118bdd31c21ff48f0af20546,2026-07-01T06:07:33Z,'earthquake death',www.dailymail.com,en,0.9,"Moment three-year-old boy is pulled from Venezuela rubble six days after earthquake as death toll nears 2,000","Video footage shows a Jordanian rescue team cheering as the child, named as Klieber Morán by the country's interim president, was lifted from the wreckage in La Guaira state.",https://www.dailymail.com/news/article-15943765/Moment-three-year-old-boy-pulled-Venezuela-rubble.html,https://i.dailymail.com/1s/2026/07/01/06/109711623-0-image-a-11_1782885391668.jpg,http://web.archive.org/web/20260701062558/https://www.dailymail.com/news/article-15943765/Moment-three-year-old-boy-pulled-Venezuela-rubble.html,"This is the moment a three-year-old boy was pulled alive from the rubble six days after Venezuela was hit by a pair of devastating earthquakes.
Video footage shows a Jordanian rescue team cheering a… [+3538 chars]",,"Sechs Tage nach dem Erdbeben wird ein dreijähriger Junge aus den Trümmern Venezuelas geborgen, die Zahl der Todesopfer liegt bei fast 2.000. Videoaufnahmen zeigen ein jordanisches Rettungsteam, das jubelt, als das Kind, das vom Interimspräsidenten des Landes Klieber Morán genannt wurde, aus den Trümmern im Bundesstaat La Guaira gehoben wurde.","Moment three-year-old boy is pulled from Venezuela rubble six days after earthquake as death toll nears 2,000. Video footage shows a Jordanian rescue team cheering as the child, named as Klieber Morán by the country's interim president, was lifted from the wreckage in La Guaira state.","Momento trium annorum puer e Venetiola ruderibus sex dies extrahitur postquam terrae motus ad mortem 2.000 appropinquat. Video footage ostendit Iordanis equos liberandos hortantes ut puer, nomine Klieber Morán ab interim praeside patriae, e naufragio in La Guaira statu sublatus est.",2026-07-02 23:44:19+00:00
fd13a74d3c5d8d986a434dcc7abcdef1,2026-07-01T10:55:15Z,'earthquake',theconversation.com,en,0.9,Venezuela earthquakes highlight the limits of early warning systems,Why it’s still difficult to accurately predict earthquakes.,https://theconversation.com/venezuela-earthquakes-highlight-the-limits-of-early-warning-systems-286372,https://images.theconversation.com/files/745045/original/file-20260630-81-fb5tbw.jpg?ixlib=rb-4.1.0&rect=0%2C180%2C5000%2C2500&q=45&auto=format&w=1356&h=668&fit=crop,,"Earthquakes still arrive without warning. That is the hard truth scientists have been forced to accept, despite a decade of advances in artificial intelligence, satellite monitoring and dense seismic… [+5269 chars]",,"Erdbeben in Venezuela machen die Grenzen von Frühwarnsystemen deutlich. Warum es immer noch schwierig ist, Erdbeben genau vorherzusagen.",Venezuela earthquakes highlight the limits of early warning systems. Why it’s still difficult to accurately predict earthquakes.,Venezuela terrae motus limites systemata praenuntia praenuntia exaggerant. Cur adhuc difficile est terrae motus accurate praedicere.,2026-07-02 23:44:19+00:00
5e31c924451fe84edc3d953adb425c4b,2026-07-01T12:30:05Z,'earthquake',www.shtfplan.com,en,0.9,The New Madrid Fault And The Cascadia Subduction Zone Both Get Shaken,"How much shaking is it going to take before most of the population starts paying attention? The ground underneath our feet just keeps shaking. Nobody can deny this. As you will see below, there has been a long list of large earthquakes that have hit our plane…",https://www.shtfplan.com/natural-disasters/the-new-madrid-fault-and-the-cascadia-subduction-zone-both-get-shaken,https://www.shtfplan.com/wp-content/uploads/2019/08/RNearthquake-e1603278852911.jpg,http://web.archive.org/web/20260702034243/https://www.shtfplan.com/natural-disasters/the-new-madrid-fault-and-the-cascadia-subduction-zone-both-get-shaken,This article was originally published by Michael Snyder at The Economic Collapse Blog: The Earthquakes Just Wont Stop: The New Madrid Fault And The Cascadia Subduction Zone Both Get Shaken As The War… [+8147 chars],,"Die Neue Madrid-Verwerfung und die Cascadia-Subduktionszone geraten beide ins Wanken. Wie viel Erschütterung wird nötig sein, bis ein Großteil der Bevölkerung aufmerksam wird? The ground underneath our feet just keeps shaking. Das kann niemand leugnen. Wie Sie unten sehen werden, gab es eine lange Liste schwerer Erdbeben, die unser Flugzeug heimgesucht haben …","The New Madrid Fault And The Cascadia Subduction Zone Both Get Shaken. How much shaking is it going to take before most of the population starts paying attention? The ground underneath our feet just keeps shaking. Nobody can deny this. As you will see below, there has been a long list of large earthquakes that have hit our plane…","The New Madrid Fault And The Cascadia Subduction Zone Both Get Shaken. Quam multa trepidatio est antequam plus incolarum attentionem incipiat? The ground underneath our feet just keeps shaking. Nobody can deny this. Ut infra videbis, longi terrae motus longi magni sunt qui planum nostrum feriunt.",2026-07-02 23:44:19+00:00
e527f5f28da55d6fade2dc0e924ca5c7,2026-07-01T17:34:52Z,'earthquake',abcnews.com,en,0.9,Venezuelan medics fear infections from quake injuries as search for untold dead continues,"With far more dead than living people taken from the rubble a week after Venezuela’s devastating twin earthquakes, doctors say the biggest dangers now facing survivors were untreated wounds and infectious diseases",https://abcnews.com/Health/wireStory/venezuelan-medics-fear-infections-quake-injuries-search-untold-134382812,https://i.abcnewsfe.com/a/c9fa641c-5c8b-4457-9c3c-54aa46799ef0/wirestory_5ec41e4448a2d6ef7dba909c952ce821_16x9.jpg?w=1600,http://web.archive.org/web/20260701190921/https://abcnews.com/Health/wireStory/venezuelan-medics-fear-infections-quake-injuries-search-untold-134382812,"CARACAS, Venezuela -- A week after Venezuelas devastating twin earthquakes, doctors on Wednesday said the biggest dangers now facing survivors are untreated wounds and infectious diseases.
Thousands… [+5215 chars]",,"Venezolanische Mediziner befürchten Infektionen durch Erdbebenverletzungen, während die Suche nach unzähligen Toten weitergeht. Da eine Woche nach den verheerenden Doppelbeben in Venezuela weit mehr Tote als Lebende aus den Trümmern geborgen wurden, seien unbehandelte Wunden und Infektionskrankheiten die größte Gefahr für die Überlebenden, sagen Ärzte","Venezuelan medics fear infections from quake injuries as search for untold dead continues. With far more dead than living people taken from the rubble a week after Venezuela’s devastating twin earthquakes, doctors say the biggest dangers now facing survivors were untreated wounds and infectious diseases","Venezuelan medics infectiones timent ab iniuriis quatiuntur sicut quaerere inexplicabilibus mortuis perdurantibus. Cum longe magis mortui quam vivi homines e ruderibus ablatis post Venezuela geminos terrae motus vastantes, medici dicunt maxima pericula quae superstites erant vulnera et morbi infectiosi increati.",2026-07-02 23:44:19+00:00
1000e5648f5d285838d0acbd59a0f749,2026-07-01T18:28:16Z,'earthquake',economictimes.indiatimes.com,en,0.9,Magnitude 5.5 earthquake strikes Afghanistan,"Afghanistan's Jurm region was shaken by a magnitude 5.5 earthquake on Wednesday, according to the USGS. The tremor occurred at a significant depth of over 216 km, with no immediate reports of damage or injuries. This follows a powerful magnitude 6 quake in th…",https://economictimes.indiatimes.com/news/international/world-news/magnitude-5-5-earthquake-strikes-afghanistan/articleshow/132122823.cms,"https://img.etimg.com/thumb/msid-132122823,width-1200,height-630,imgsize-23330,overlay-economictimes/articleshow.jpg",,"Alpha Trade
Get daily trade ideas from SEBI-registered research analysts.
Investment Ideas
Grow your wealth with stock ideas &amp; sectoral trends.
Stock Reports Plus
All-in-one stock research w… [+512 chars]",,"Erdbeben der Stärke 5,5 erschüttert Afghanistan. Laut USGS wurde die afghanische Jurm-Region am Mittwoch von einem Erdbeben der Stärke 5,5 erschüttert. Das Beben ereignete sich in einer beträchtlichen Tiefe von über 216 km, ohne dass es unmittelbare Berichte über Schäden oder Verletzte gab. Dies folgt auf ein starkes Beben der Stärke 6 im…","Magnitude 5.5 earthquake strikes Afghanistan. Afghanistan's Jurm region was shaken by a magnitude 5.5 earthquake on Wednesday, according to the USGS. The tremor occurred at a significant depth of over 216 km, with no immediate reports of damage or injuries. This follows a powerful magnitude 6 quake in th…","Magnitudo 5.5 terrae motus Afghanistan percutit. Regio Afghanistania 5.5 terrae motu die Mercurii, secundum USGS, magnitudine concussa est. Tremor in notabili altitudine super 216 chiliometrorum occurrit, cum sine proximis relationibus damnorum vel iniuriarum. Hoc sequitur magnitu- 6 sarum potens in th...",2026-07-02 23:44:19+00:00
13a99e5ecc3c4ad4d0a4f0669c2ee341,2026-07-01T19:14:24Z,'earthquake',www.abc.net.au,en,0.9,Satellite images show Venezuelan earthquakes wiped out entire towns,"Venezuela's devastating earthquakes flattened buildings and coated parts of the northern coast in dust and debris, satellite imagery shows.",https://www.abc.net.au/news/2026-07-02/venezuela-earthquakes-devastation-satellite-images/106864834,https://live-production.wcms.abc-cdn.net.au/f13165765217b13e0481731b71308264?impolicy=wcms_watermark_news&cropH=638&cropW=1134&xPos=0&yPos=30&width=862&height=485&imformat=generic,http://web.archive.org/web/20260702013707/https://www.abc.net.au/news/2026-07-02/venezuela-earthquakes-devastation-satellite-images/106864834,"Venezuela's two devastating earthquakes flattened buildings and coated parts of the nation's northern coastline in layers of dust and debris, satellite imagery reveals.
Areas north of the capital Ca… [+3482 chars]",,"Satellitenbilder zeigen, dass venezolanische Erdbeben ganze Städte zerstört haben. Satellitenbilder zeigen, dass Venezuelas verheerende Erdbeben Gebäude dem Erdboden gleichgemacht und Teile der Nordküste mit Staub und Trümmern bedeckt haben.","Satellite images show Venezuelan earthquakes wiped out entire towns. Venezuela's devastating earthquakes flattened buildings and coated parts of the northern coast in dust and debris, satellite imagery shows.","Imagines satellitae ostendunt terrae motus Venezuelan tota oppida delevisse. Venezuela terrae motus devastans aedificia complanata et partes orae septentrionalis in pulvere et strages obductis, satellitem imaginem ostendit.",2026-07-02 23:44:19+00:00
1750e97729f1f00a089466a6705471d5,2026-07-01T19:37:01Z,'earthquake',www.cbc.ca,en,0.9,"Officials fear medical crisis as Venezuelans displaced by quakes crowd shelters, hospitals","Thousands of displaced Venezuelans are living in dismal sanitary conditions without access to clean water as already strained hospitals struggle to cope with an influx of emergency patients following the June 24 earthquakes that have killed more than 2,000. A…",https://www.cbc.ca/news/world/venezuela-shelters-earthquake-9.7255337,"https://i.cbc.ca/ais/d76b8767-d714-4584-a30a-45bfe21cd1a5,1782932368595/full/max/0/default.jpg?im=Crop%2Crect%3D%280%2C94%2C4944%2C2781%29%3BResize%3D620",http://web.archive.org/web/20260702043818/https://www.cbc.ca/news/world/venezuela-shelters-earthquake-9.7255337,"A week after Venezuela's devastating twin earthquakes, doctors on Wednesday said the biggest dangers now facing survivors are untreated wounds and infectious diseases.
Thousands of displaced Venezue… [+5496 chars]",,"Beamte befürchten eine medizinische Krise, da durch Erdbeben vertriebene Venezolaner Notunterkünfte und Krankenhäuser drängen. Tausende vertriebene Venezolaner leben unter katastrophalen sanitären Bedingungen und haben keinen Zugang zu sauberem Wasser, da die ohnehin überlasteten Krankenhäuser nach den Erdbeben vom 24. Juni, bei denen mehr als 2.000 Menschen ums Leben kamen, Schwierigkeiten haben, den Zustrom von Notfallpatienten zu bewältigen. A…","Officials fear medical crisis as Venezuelans displaced by quakes crowd shelters, hospitals. Thousands of displaced Venezuelans are living in dismal sanitary conditions without access to clean water as already strained hospitals struggle to cope with an influx of emergency patients following the June 24 earthquakes that have killed more than 2,000. A…","Magistratus medicorum discriminum metuunt ut Venezuelans mota turba tabernacula, valetudinaria. Milia Venezuelanorum luxatorum vivunt in condicionibus tristi sanitariae sine accessu ad aquam mundam sicut iam eliquatum valetudinarium certamen tolerare cum influxu aegrorum repentinorum sequentium 24 Iunii terrae motuum qui plus quam 2,000 occiderunt. A…",2026-07-02 23:44:19+00:00
d2abc4bafaba87872bc9f40af9a304d1,2026-07-01T21:22:29Z,'earthquake',www.commondreams.org,en,0.9,"As Post-Quake Misery Mounts in Venezuela, Demand Grows for Total End to US Sanctions","As death and injury tolls from Venezuela's pair of devastating earthquakes last week continue to rise, a coalition of human rights and anti-war groups called on President Donald Trump and Secretary of State Marco Rubio on Wednesday to lift the US sanctions th…",https://www.commondreams.org/news/venezuela-earthquake-sanctions,https://www.commondreams.org/media-library/image.jpg?id=67081029&width=1200&height=600&coordinates=0%2C416%2C0%2C417,,"As death and injury tolls from Venezuela's pair of devastating earthquakes last week continue to rise, a coalition of human rights and anti-war groups called on President Donald Trump and Secretary o… [+6111 chars]",,"Während das Elend nach dem Erdbeben in Venezuela zunimmt, wächst die Forderung nach einem vollständigen Ende der US-Sanktionen. Während die Zahl der Todesopfer und Verletzten durch die beiden verheerenden Erdbeben in Venezuela letzte Woche weiter steigt, forderte eine Koalition aus Menschenrechts- und Antikriegsgruppen am Mittwoch Präsident Donald Trump und Außenminister Marco Rubio auf, die US-Sanktionen aufzuheben.","As Post-Quake Misery Mounts in Venezuela, Demand Grows for Total End to US Sanctions. As death and injury tolls from Venezuela's pair of devastating earthquakes last week continue to rise, a coalition of human rights and anti-war groups called on President Donald Trump and Secretary of State Marco Rubio on Wednesday to lift the US sanctions th…","As Post-Quake Miseri Montis in Venetiola, Postula crescit ad finem ad US Sanctiones. Cum mors et iniuriae vectigales ex Venezuela par terrae motus devastandi ultima septimana oriri pergunt, coitio iurium humanorum et coetus anti-bellorum vocantur in Praeside Donald Trump et Secretarius Status Marco Rubio die Mercurii ad suscitandas sanctiones US th…",2026-07-02 23:44:19+00:00
6f0298eac75a365ec910b4c886fbdb76,2026-07-01T01:19:00Z,'earthquake tectonic',www.sciencealert.com,en,0.7,Scientists Find a Razor-Sharp Line of Earthquakes Hidden Beneath Alaska,"Huh??ScienceAlert stories are written, fact-checked, and edited by humans, never generated by AI. Don't miss a story, subscribe here.",https://www.sciencealert.com/scientists-find-a-razor-sharp-line-of-earthquakes-hidden-beneath-alaska,https://www.sciencealert.com/images/2026/07/yakutat-circle.jpg,http://web.archive.org/web/20260702021911/https://www.sciencealert.com/scientists-find-a-razor-sharp-line-of-earthquakes-hidden-beneath-alaska,"Back in 2002, a massive earthquake in central Alaska was felt as far away as Seattle.
This giant earthquake even generated standing waves that damaged houseboats in Washington State.
Known as the 2… [+4079 chars]",,"Wissenschaftler finden eine messerscharfe Linie von Erdbeben, die unter Alaska verborgen ist. Huh??ScienceAlert-Geschichten werden von Menschen geschrieben, auf Fakten überprüft und bearbeitet, niemals von KI generiert. Verpassen Sie keine Story und abonnieren Sie sie hier.","Scientists Find a Razor-Sharp Line of Earthquakes Hidden Beneath Alaska. Huh??ScienceAlert stories are written, fact-checked, and edited by humans, never generated by AI. Don't miss a story, subscribe here.","Scientists Find novacula acuta linea terrae motuum occultarum sub Alaska. Huh??ScienceAlert fabulae scriptae sunt, repressae et ab hominibus editae, numquam ab AI generatae. Fabulam ne fallas, hic scribe.",2026-07-03 15:36:51+00:00
