day,sentiment_mean,sentiment_std,subjectivity_mean,subjectivity_std,counting
2025-10-01,0.21557529265333497,1.0162405080984083,-0.4223127967065222,0.4825095108584879,4.0
2025-10-02,-0.8016772251933622,1.0,-0.6759424256270119,1.0,1.0
2025-10-03,0.7071067811865476,1.0,0.7071067811865475,1.0,1.0
2025-10-04,-0.2775572682011009,0.3554232349261338,0.7549713838192864,0.2703079912485501,2.0
2025-10-07,-0.1828655002406147,0.7413891294695693,-0.14137911136145254,0.8000597432763777,2.0
2025-10-08,-0.21807233367062046,1.3084008518553425,0.2119161096243184,1.2996946363160544,2.0
2025-10-09,-1.1524003663662412,1.0,1.1230949791573612,1.0,1.0
2025-10-10,-0.18057952126629218,0.9041605949190551,-0.25826875384885883,0.9102669200815172,24.0
2025-10-11,0.2891037906942194,1.0,-0.2718242821415634,1.0,1.0
2025-10-12,-0.4648200718685396,0.8191747483721957,-0.0431561012326561,0.4264521384092023,3.0
2025-10-13,0.13094746298993865,0.8317019651755718,0.20827932796283333,0.8016396621696618,9.0
2025-10-14,-0.11815055987030214,0.5125809004724676,-0.03504647262441853,0.65448878310641,3.0
2025-10-15,0.09401001713121397,0.3397066868099487,0.24104781827130803,1.033838367355426,12.0
2025-10-16,0.2484877497045548,1.3295334663142135,-0.15137964886910932,1.07838167290477,8.0
2025-10-17,0.1625892793954997,0.7527190983940755,-0.5686259365609971,0.8666486894126805,9.0
2025-10-18,0.7956308280103802,1.1702050321176096,0.5341122383844656,1.273382367693632,3.0
2025-10-19,-0.5534392355220141,1.0028666041978644,0.15877291799178905,0.5276796499878961,4.0
2025-10-20,-0.8660344926588132,0.8876100809913313,0.36964458794092764,1.1066193745671296,6.0
2025-10-21,0.5796488764498691,0.46729264115712166,-0.0004402975338207105,0.6722765724158973,5.0
2025-10-22,-0.5878948892114114,0.6375238944253653,0.3632816721394992,0.49344578161712277,4.0
2025-10-23,0.7396087579452658,1.433858810004693,0.2973733258099193,0.8225012119252328,6.0
2025-10-24,-0.184376602623644,0.8861800146321205,-0.0514763583385636,1.3334893134349999,6.0
2025-10-25,0.19636316272989787,0.5763120509589436,-0.5553558445942273,0.6272627478539925,5.0
2025-10-26,0.7071067811865477,1.0,0.7071067811865476,1.0,1.0
2025-10-27,0.10407653899798126,0.6087387432063299,-0.4495960425236583,0.4287116995579772,14.0
2025-10-28,-0.046456071186809694,0.5383614687701762,-0.13015369337652544,0.9591770564006006,8.0
2025-10-29,-0.06590038492785093,0.836657921704912,-0.18458156305831297,0.6120070694059363,7.0
2025-10-30,-0.04502142397301587,0.82925800665001,-0.00028849431088662225,0.639368478356954,9.0
2025-10-31,0.07882235993496783,0.6090051874526566,-0.5908037471667428,0.693832676755088,3.0
2025-11-01,0.17997876691929765,0.5821202626211138,-0.4819070001144287,1.209548595105856,5.0
2025-11-02,0.1652591323387487,0.8465522418799035,-0.2955568241529121,1.0876249966166935,9.0
2025-11-03,0.0677009806555517,0.7604542933373455,-0.1508587215774096,0.7885334473659094,42.0
2025-11-04,-0.20205780973683404,0.8562422810801459,0.038061600693873814,0.9277443025800599,38.0
2025-11-05,-0.4024101249632881,0.7285772856704665,-0.3504162839653917,0.6389155749490867,19.0
2025-11-06,-0.46261178535753433,0.9181139147823768,0.0819464829496386,0.8260035890374198,9.0
2025-11-07,-0.1490085182612375,1.6708571654010416,0.625887081372371,1.0831330967714203,4.0
2025-11-08,0.31558233792601925,1.15788421863644,0.44561587537338354,0.3791351517996378,4.0
2025-11-09,1.09207486028359,0.5887767827105668,0.43482555421154917,0.5190520687966153,7.0
2025-11-10,0.41885743204124326,0.4881222037457848,0.31572694517574196,0.9510582978031191,7.0
2025-11-11,-0.519977842288711,0.5493393364287696,-0.8044231156638947,0.7146038236505873,3.0
2025-11-12,1.362654763591282,1.0,0.8245321309101835,1.0,1.0
2025-11-13,0.7456478817153518,0.7542453908841231,0.6455793642783809,0.6903492571050084,4.0
2025-11-14,-0.07245003512554815,1.3144726736283583,0.5546525414041317,0.8662175024716149,4.0
2025-11-15,0.7071067811865476,1.0,0.7071067811865485,1.0,1.0
2025-11-16,-2.552937820291033,1.0,0.6371252814216173,1.0,1.0
2025-11-17,-0.7071067811865477,1.0,0.7071067811865476,1.0,1.0
2025-11-18,-0.31853137208572363,0.29346675486133006,0.509457423607598,1.263286186411115,3.0
2025-11-20,-0.11759937973854918,1.0,0.4640248329018955,1.0,1.0
2025-11-21,0.1422256192503518,0.7557362734770425,-0.20528720453830474,0.7232033896466378,17.0
2025-11-22,0.12599022060508497,0.756993145431213,-0.1624288425653335,1.1374396091064325,7.0
2025-11-23,-0.7546116047097394,0.14621012958608678,-0.3148599105973588,0.16432665807816751,2.0
2025-11-24,0.1628994558500894,0.40571850043523666,-0.6466872242193434,0.4968523245813782,3.0
2025-11-26,-0.23663210235510324,0.8015646982438108,-0.11130943168209499,1.0057889294382043,9.0
2025-11-27,0.058587563126338366,0.7347034000007884,-0.2789832447613442,1.1527167341053428,15.0
2025-11-28,-0.3832363510825085,0.5374378189953195,-0.3045185674728697,1.087805335325608,6.0
2025-11-29,0.06369770315656771,0.8509064247293205,0.08496595267053585,0.6866553397523381,3.0
2025-11-30,0.7071067811865475,1.0,-0.7071067811865476,1.0,1.0
2025-12-01,0.3385318777344558,1.1658000182340396,-0.0020437781847602366,1.0884962319549079,5.0
2025-12-02,0.319783505338961,1.015247608799255,-1.7871403894650169,1.0787596812290003,2.0
2025-12-03,-0.29229546372555376,1.0,-0.35917372274370946,1.0,1.0
2025-12-04,0.13047264535564435,0.6255346771781122,-0.10852411222295509,1.0243012284790298,8.0
2025-12-05,-0.1233294504153018,1.4208033598936491,-0.39293251700559817,1.0141332148009052,4.0
2025-12-06,-0.038061783271182606,0.9254088494201419,0.25801915128919933,0.8357920370655978,7.0
2025-12-07,-0.018326049768747743,0.8428835450870937,-0.044349708802760714,0.7271909372834923,10.0
2025-12-08,0.39195670626838985,0.7997379768581065,0.5073972203903366,1.0744908246546652,36.0
2025-12-09,-0.007404424444668045,1.0123141067538386,0.9477009049516923,1.0388034951594511,33.0
2025-12-10,0.1457797754552606,0.7543861032486626,0.2681098741424868,0.5575864524655836,8.0
2025-12-12,-0.0995954313462744,1.1300872131597164,-0.3111325641099537,1.1816572164300563,15.0
2025-12-13,0.6865317482655723,0.397074097569247,0.27820855892487034,0.6416828556778017,2.0
2025-12-14,0.0037169513111584194,0.4092179116072917,-0.18682338938818857,0.5703478334757199,3.0
2025-12-15,-0.1563021360929855,0.45629720440269333,-0.019349951286035876,0.7154660245388966,7.0
2025-12-16,0.10410963649268488,0.6998832626124517,0.15167149883320366,1.0622649883038595,7.0
2025-12-17,-0.19666924020391063,0.15237296067572093,0.27371722646022817,0.4004394726288331,3.0
2025-12-18,0.8438141569470999,0.7413741292618173,0.011815531145042432,1.318768054775483,3.0
2025-12-19,1.5111955044206247,1.882468534579793,0.7015612380205595,1.5725392831218739,4.0
2025-12-20,-0.28131427872714476,1.4767914756286102,0.2827021936659459,0.3641837415787195,6.0
2025-12-21,-0.23603208911207574,0.8439802341779995,0.23325457968739108,0.20606124781470056,3.0
2025-12-22,-0.6349295244944083,0.579304128123484,-0.0340209228035867,0.2611882739396563,3.0
2025-12-23,-0.2970400778877041,0.5087689235033002,0.47747142692127903,1.1386363100911905,3.0
2025-12-24,-1.2024931576474378,0.08746386697096864,1.0224912104927664,0.13243051378612244,2.0
2025-12-26,-0.4163738964204588,1.0,-1.0632854073700395,1.0,1.0
2025-12-27,-0.8082170478744475,0.8146993386201073,0.10881653643383546,0.6258110783230584,10.0
2025-12-28,0.5077468324120743,0.9693461300776627,0.3912582944566004,0.7563543339555375,4.0
2025-12-29,0.19705451811844985,0.9976475255628949,0.04235004497364037,1.1512141775440974,8.0
2025-12-30,-0.15771118414309987,1.2437655028820256,-0.02871781383909365,0.8333169252898807,9.0
2025-12-31,0.7930355171839524,0.6496912174634109,-0.13014614259873192,0.8384015920328888,4.0
2026-01-01,0.23062648626197935,1.2141172307475838,0.7775591855155453,0.7412338021029058,4.0
2026-01-02,0.3990086511141608,0.44171393018875876,-0.24849083078357695,0.7564870342641222,19.0
2026-01-03,-0.21489084951835213,1.0825448952584995,0.28555759844478396,1.2447889422406424,7.0
2026-01-05,0.07057563315990383,0.4210952039024015,0.557920725594369,0.3297046600060105,6.0
2026-01-06,0.43006222733520516,0.7414621470200533,-0.47668180725250914,0.9644341139687552,13.0
2026-01-07,-0.03026530413851619,0.649570443049556,-0.19286580945757337,0.6660119119375737,13.0
2026-01-08,0.20864862779728519,0.6240883986462671,-0.06740269298380756,0.8384244535569809,7.0
2026-01-09,0.2924422794821626,0.5864241621450225,0.5513311683710516,0.22029998433065454,2.0
2026-01-10,-0.38780026167659437,1.0,-1.6426382133563473,1.0,1.0
2026-01-11,-0.315901207059424,1.0,-1.0373794826878384,1.0,1.0
2026-01-12,0.17235372595305273,0.15750731936693776,0.28620586959588457,0.7091100624369078,4.0
2026-01-13,-0.3282472602598491,1.0765011720756537,0.10896655079743538,1.2291423062359623,5.0
2026-01-14,0.4419174355035652,0.7107282208367505,0.22416390285265214,0.3960704119633004,4.0
2026-01-15,-0.2669370387010866,0.635407211793888,-0.9809837864942134,0.8758295178348162,5.0
2026-01-16,-0.2623995470038044,0.6137975493296968,-0.21021625587865556,0.6111512082885519,6.0
2026-01-17,-0.5281562007460576,1.1831991352758133,-0.2169177420435899,0.9217710700596323,11.0
2026-01-18,-0.5837266393546312,1.0,-1.264299864129389,1.0,1.0
2026-01-19,-0.7663834880267468,0.9750294895347494,-0.1625408351712612,0.7463910982399469,12.0
2026-01-20,-0.3179673421419696,0.4404397931447901,-0.4439933228909695,0.8862925831185986,10.0
2026-01-21,0.07698293293142114,0.6350162206537112,-0.18145584722275906,0.6465311655943667,5.0
2026-01-22,-0.868319886176625,1.8143608527935808,0.17435743329609318,1.5660564863654458,5.0
2026-01-23,-0.1905453157325014,0.6244438927712617,0.061444403038409943,0.624409732738805,6.0
2026-01-24,0.23881123191684359,0.41180793629098883,-0.07425896518417421,0.6134614831158635,2.0
2026-01-25,-0.2989920004437771,0.5771614579313479,-0.2944537206433052,1.4164204452249807,2.0
2026-01-26,0.4621889951760783,0.5678016102030783,0.14881876805735428,0.7655697907158286,8.0
2026-01-27,0.026909761834949458,0.5393295990859657,0.44587415500259614,0.741055907805632,6.0
2026-01-28,-0.6796505837819243,1.690558354398625,-0.10462404848137317,0.7774302718451008,4.0
2026-01-29,0.47527752664304357,0.7063211687936577,0.2560743459253615,0.9915532541147327,2.0
2026-01-30,0.3062616046919264,0.3403592025512648,-0.2451189709159457,0.5490092282197981,2.0
2026-01-31,0.7071067811865476,1.0,-0.7071067811865477,1.0,1.0
2026-02-01,0.8195534741218734,1.0,0.40011082114076757,1.0,1.0
2026-02-02,0.22840088206453246,0.8582520788320712,0.41915717059681246,0.449054159194072,17.0
2026-02-03,-0.18820163881727595,1.1143280757425993,0.4678308260992444,1.1163329109671252,8.0
2026-02-04,0.36144702000019147,0.683744406766618,-0.13480757937663906,0.7502281885948864,4.0
2026-02-05,0.225372913826226,0.3629320309795414,-0.10068572198290256,0.7644094363771828,6.0
2026-02-06,-0.3691534360146379,1.1061797424948994,0.11518937497989115,0.6430188955081977,20.0
2026-02-07,0.5451090060938176,0.23900823567310522,0.044492544986467916,0.6980724632597977,4.0
2026-02-08,-0.17997890326727456,1.0681611820275179,-0.2037871614634481,1.4893771892838468,4.0
2026-02-09,-0.009416969981268999,0.28848345120821905,0.32187774131589053,0.19635306921626144,6.0
2026-02-10,-0.048774777951568316,0.7052600278363407,-0.09389044005869411,0.7989166872952991,7.0
2026-02-11,-0.06165172227907152,0.75753617850949,0.08834703166094562,0.9343204477514799,4.0
2026-02-12,-0.06099286931776427,1.22856377911572,0.1405016979092419,0.7697043638937472,3.0
2026-02-13,0.7910884757618124,1.0794935754962673,0.641315797279224,0.9649533113613382,6.0
2026-02-14,-0.07500181948292602,1.2283109777542252,0.48784552472081,0.7159279119951972,5.0
2026-02-15,1.0058193099313903,1.0,-1.0276955902901215,1.0,1.0
2026-02-16,-0.9616375382442703,1.082727244591027,0.6380888568687755,0.6687423926627861,4.0
2026-02-17,0.02259824027768935,0.6527052683973666,0.8022021867757034,1.674084302740306,4.0
2026-02-18,0.15918114363639616,0.21297389454791243,0.22927041311491334,0.32139299814565514,2.0
2026-02-19,-0.1458341451920269,0.7597372211786552,0.4311962216178622,1.103250560841233,3.0
2026-02-20,0.12513687199947854,0.8910588924955442,-0.5485828616336765,1.1811017661729037,7.0
2026-02-21,0.7021253338935269,1.0,0.45859364436015665,1.0,1.0
2026-02-22,0.3419414989582703,0.7108599672505542,0.14528307803564156,0.5494668662141096,8.0
2026-02-23,-0.06094262569894511,1.009860657714391,0.12763829791381734,0.9890485716534015,11.0
2026-02-24,0.2505435143056588,0.6146293443062625,0.17497003190778476,0.5234129080062223,15.0
2026-02-25,-0.1656270533278037,0.567550049291055,0.27313329298827593,0.6494843098086156,8.0
2026-02-26,-0.13444938887398472,1.1468003542813165,-0.031141781494964244,0.4356072580392274,2.0
2026-02-27,0.36406458206530956,0.8662290381183659,-0.15237377815987976,0.7535032530204411,8.0
2026-02-28,0.14890110286336597,1.0,0.1247366428201522,1.0,1.0
2026-03-01,0.5426529719996375,0.7696369013551626,0.2608780776781929,0.26745878748957064,2.0
2026-03-02,-0.45107670452620674,0.901940729041285,-0.5377345232406141,1.2727153283881152,5.0
2026-03-03,0.5527260596926292,0.8944456550106441,1.0346506700115574,0.867724403367777,7.0
2026-03-04,0.3057996835750739,0.5745907462232959,-0.43670691126120464,0.1033237586709043,2.0
2026-03-05,0.6607323471122973,0.8483385451753066,0.17432611428785627,1.0332765317714114,7.0
2026-03-06,0.06785912405693378,0.4645047275070826,-0.10109842331969786,0.14149061231787816,3.0
2026-03-07,0.7393306100871392,1.3223845940648498,0.8501458456928206,0.33815925271791364,3.0
2026-03-08,0.41948363669530886,0.9115277336352919,-0.2796272892884192,0.08856185163441313,2.0
2026-03-09,-0.5313656459874532,0.2913808003913313,0.028240738028535033,0.4286250640221954,7.0
2026-03-10,-0.23850268268156424,1.1699077666831583,-0.417064979219163,1.3411625356456438,11.0
2026-03-11,0.6323575718865434,1.2611162910693896,0.4608886581626032,0.9684734574483115,13.0
2026-03-12,0.5526093700067134,0.7070734853345836,-0.038531118900667814,0.5892528165524694,5.0
2026-03-13,0.29916424336809744,0.835328627774118,0.29791782834316766,0.6351278085907139,5.0
2026-03-14,1.1649351299983075,1.225852766032946,-0.11697293426453492,0.6839282082218878,3.0
2026-03-15,0.629492426449689,1.0,-0.42879767612251063,1.0,1.0
2026-03-16,0.6089376160251126,0.4902523607981162,1.1245995539491127,0.16394734108425266,4.0
2026-03-17,0.486960553462873,0.65781926547107,-0.16251385316184916,1.143982362289319,5.0
2026-03-18,-0.044038098669295304,1.0,-1.7100191172088637,1.0,1.0
2026-03-19,0.04125,0.030052038200428274,0.22791666666666666,0.2374700273484822,2.0
2026-03-21,-0.2727734247643498,0.08182371859427194,-0.12681892459328464,0.19947234513968612,3.0
2026-03-23,0.033766233766233764,1.0,0.29350649350649355,1.0,1.0
2026-03-24,1.2732788723272634,0.26619764182872857,0.4764211864464669,0.12682021710224667,3.0
2026-03-25,0.1090909090909091,1.0,0.4136363636363636,1.0,1.0
2026-03-26,-0.4578617874035529,1.1151940759853765,0.4704144815746604,0.02508246406944802,2.0
2026-03-27,0.2889626227676356,0.6807548708679237,-0.06997397385593263,0.7570321780016711,6.0
2026-03-28,0.6731163987173948,0.48831386624604517,0.22487797499107262,0.19604799414619586,3.0
2026-03-29,0.7671363542532971,0.49147467502219666,0.10505792305794387,0.333189432423209,3.0
2026-03-30,-0.0066963095354238,0.9185274908869042,0.5882561827084016,0.4095139633824423,4.0
2026-03-31,1.8878874939238954,1.0,1.7392615437548788,1.0,1.0
2026-04-01,0.12870295917137242,0.11988684600548227,-0.8222999349632124,0.9005426587981824,3.0
2026-04-02,-0.030754739388510834,0.8811260760365771,-0.01630396869609616,0.7321312945019685,28.0
2026-04-03,-0.10754846792107879,0.9193625287506298,-0.19332536063892977,0.8867159164716362,11.0
2026-04-04,-0.6667235469217869,0.9643789197728688,-0.8685362869007016,0.7834024480068958,9.0
2026-04-05,-1.1452531289720254,1.9319017667440561,-0.263210420180231,0.527223028330172,3.0
2026-04-06,-0.7984675270209138,1.9871038838124453,0.5396969944455525,1.5413178699723296,4.0
2026-04-07,-0.5853503467125509,0.4605957494893981,0.4054908780871647,0.5293902512508812,3.0
2026-04-08,1.6157518886699747,1.0,-0.2452242604700137,1.0,1.0
2026-04-09,-0.3788806790729537,0.5366387121410194,-0.09747268906789547,1.0017075800712862,6.0
2026-04-10,0.7900385718922471,0.11728326316788719,-0.21405862912636384,0.6972753835465044,2.0
2026-04-11,-0.769348315282843,1.0,-1.339925676553112,1.0,1.0
2026-04-12,-0.7621246282096378,0.38282969412858786,-0.7176923472906781,0.2620889842196129,3.0
2026-04-13,0.9337134468993104,1.175087130672626,1.0769385012141364,0.8928598444855477,7.0
2026-04-14,0.14339975570932703,0.42346009767533677,-0.29552763199104193,1.0583876456257943,12.0
2026-04-15,-0.1137532128138922,0.4279702750110238,-0.852623455991629,0.2979209887153296,2.0
2026-04-16,0.4088430775364677,1.9084548897181597,0.24645098456479272,1.2987155598488407,5.0
2026-04-17,0.3030836854689732,0.15125931925391706,0.2229723044587903,0.32485361871094104,2.0
2026-04-18,0.03678717482411459,0.40921989413297694,-0.41706304769106134,0.8776353625351901,5.0
2026-04-19,-0.15240002761618793,1.0,-1.0408351207110091,1.0,1.0
2026-04-20,0.5824400521474175,0.7281849153743101,0.37351570212215857,1.1836616699876636,38.0
2026-04-21,0.3381692283033318,0.24168578158890477,-0.2910205050310752,0.8747106868699871,6.0
2026-04-22,-0.4846786234623093,1.2314906112773758,-1.0056891390166574,0.4283626424890461,2.0
2026-04-23,0.4167031402153582,0.40821399819019244,0.5056603720340486,0.6113605724029846,5.0
2026-04-24,0.4257961068094587,0.28357439407233226,-0.06159942346763283,0.6021461134095768,5.0
2026-04-26,0.8564386957658461,0.7568507595179697,0.14546232614350652,0.9825986584136144,3.0
2026-04-27,0.5468725449123462,0.4640129375962039,0.528265653263859,1.0242033860019308,15.0
2026-04-28,-0.45691609039925596,0.16035285609260636,0.27416516383779,0.12035914972510857,2.0
2026-04-29,-0.3390126528668139,0.26017349438225756,0.6488130926396979,0.5970872180320267,4.0
2026-04-30,-0.1762680049776689,1.0,0.5832123865660886,1.0,1.0
2026-05-01,-0.3785674666918878,0.9055427923865829,-0.17606776081622144,1.0026869652921462,8.0
2026-05-02,0.6103263188511809,1.0,-1.2008384416531805,1.0,1.0
2026-05-03,0.16180539247375386,1.0,0.9784147100538146,1.0,1.0
2026-05-04,-0.01410181297748687,0.31567214818131406,-0.07675119128991234,0.9011525556020173,7.0
2026-05-05,-0.6071788439142173,0.9189684894615547,-0.35527704809060046,0.4134718087548044,3.0
2026-05-06,0.24739769311595064,0.78007709116861,-0.20844258586549555,0.773916568521495,5.0
2026-05-07,-0.7908944826974916,1.0381171698382088,0.5841277499689109,0.8975678122277723,6.0
2026-05-08,0.7203631466029647,0.19354302360774953,-0.4568050068862981,0.024104472357133814,2.0
2026-05-09,-0.025000000000000015,1.0,0.5,1.0,1.0
2026-05-10,0.17389162150081167,0.8827679026886802,-0.337570557492574,0.8747209766892375,5.0
2026-05-11,-0.2693540096307958,0.4191834703262619,-0.8939623989579033,0.4635795790665983,4.0
2026-05-12,0.05850641953741528,0.5856859172715104,0.06564037474309649,0.679870780842162,4.0
2026-05-13,0.15285347258149862,0.5413700081611428,-0.6898748786435092,0.6560026650982271,9.0
2026-05-14,0.5750962527146319,0.8914356783663806,0.32330184725122724,0.20085639035353556,3.0
2026-05-15,0.4392368879517528,1.682782654938301,-0.32648178991968607,1.8075319501473417,4.0
2026-05-16,-0.4760906067508083,0.9000813049324337,-0.03721862539412074,1.0413137949338664,4.0
2026-05-17,0.060557524843452726,0.05679703948276399,0.24457054958848293,0.17963118869021055,3.0
2026-05-18,0.1618639533044213,0.7345121422388324,-0.2454539591419052,0.704902542308228,14.0
2026-05-19,0.6460512093427954,0.8099038688209156,-0.12027117630621009,1.0888567395660014,3.0
2026-05-20,-0.1731749123487899,1.0161136080233693,-0.8624285716284574,1.0011708779852513,9.0
2026-05-21,1.2121951202311387,1.1313859429493678,0.2715554756496028,0.9969976701653217,11.0
2026-05-22,0.7491627019487853,0.840226550909803,0.3901692301988169,0.8546285842906445,4.0
2026-05-23,-0.3201649505622942,0.9770960640527413,-0.33598059412821374,0.772136764868196,9.0
2026-05-24,0.7362067775391498,1.7070974808665198,0.04519174240868595,1.1902867071216223,4.0
2026-05-25,0.4175779787500665,1.037296212290157,-0.11124515301629362,1.3097517296008139,2.0
2026-05-26,-0.0003435248323971074,0.504614479049466,-0.10635818457182336,0.7929137603051011,4.0
2026-05-27,0.010449076401416173,0.5608331670520296,0.25463428764394724,0.5732627474926086,5.0
2026-05-28,-0.25516999158393805,0.38196143877189354,1.4490911398969621,0.07073104676528703,2.0
2026-05-29,-0.13219653055284628,0.3929013974625636,-0.08859174671767882,0.9172253472462537,3.0
2026-05-30,0.6694331901861091,1.0,0.4776714052119025,1.0,1.0
2026-06-01,-0.6350066780361723,1.0,-0.5794812401749562,1.0,1.0
2026-06-02,-0.09220221350344589,0.34820872029808947,0.37626536706518515,0.8115031671913042,3.0
2026-06-03,0.33715984260872195,0.41872021068271664,-0.5635039511956725,0.09137165391392617,4.0
2026-06-04,0.15462784309519959,0.2745934530933709,-0.25984040457135965,1.0257530605923553,3.0
2026-06-05,-0.14346029451854234,0.9538193405555504,-0.5352367606781258,0.9933031854185842,3.0
2026-06-06,-0.020000000000000004,1.0,0.5864285714285715,1.0,1.0
2026-06-07,-0.2372986584146802,0.22741445746270625,-1.8983384868542872,0.92150182379101,2.0
2026-06-08,0.12872141664020315,0.6413876306292664,0.03327763326423921,0.9735188654029528,65.0
2026-06-09,-0.12251181588235407,0.8343923214537972,-0.3092706412052745,1.034406866771011,29.0
2026-06-10,0.024465191613727677,0.9325253136017257,-0.2366065361045795,0.7500284606717258,12.0
2026-06-11,0.2946438972402713,0.487400073666311,0.07151960554494607,0.5666790749833914,2.0
2026-06-12,-0.18433903021210418,0.6165022606188401,0.07882160805099696,0.4205905273979111,6.0
2026-06-13,1.3049169662109439,1.0,-0.3839705671107101,1.0,1.0
2026-06-14,-0.26742650153592445,0.5540774365767447,-0.27854263721278366,0.34950835216062687,4.0
2026-06-15,-0.4422392131511439,1.3031357624391138,-0.2581101647610755,0.7029103991351591,3.0
2026-06-16,-0.13930356755161366,0.8894513131709508,-0.46535591608743393,0.7655134321467688,12.0
2026-06-17,-0.1598655609273882,1.2491290953036522,0.45784691311020675,0.7618522153885421,6.0
2026-06-18,-0.10590553178532902,0.6242915541415405,-0.03805190239165116,1.5819176998787896,9.0
2026-06-19,-0.47440911534569175,0.5833383652356476,0.00142582121999741,0.7384900813405768,4.0
2026-06-20,-0.038400383571632786,1.0,0.986559615599012,1.0,1.0
2026-06-21,-0.05594464694662793,0.5284266943782369,0.7490475699130982,0.4335452637690841,3.0
2026-06-22,0.3494441848057075,0.39776505346465796,0.5291643487107869,0.10874117387056176,2.0
2026-06-24,0.6944118413656629,1.127490009527471,0.3139667159544914,1.2929736112136552,18.0
2026-06-25,0.0034627938693608234,0.881367320239088,0.30497722608853306,0.8878748797973147,66.0
2026-06-26,-0.07128695557320562,0.9597542196577283,0.13130097176638356,0.7176481647521868,57.0
2026-06-27,-0.07525698644038684,0.9250431866870433,-0.15734170391858612,1.0358186461795984,23.0
2026-06-28,-0.42317219887857654,0.9660403452984315,0.010025671467429805,0.9635033554911437,37.0
2026-06-29,0.10135646629316895,0.7706727683013967,-0.059750541667328134,0.9132514719158448,41.0
2026-06-30,-0.10254248133038987,0.9074988325096435,0.13080051529722933,1.0561734798887334,39.0
2026-07-01,-0.42952334964581096,1.12681730656481,0.38813468991192096,0.8552402004267602,28.0
2026-07-02,-0.452540059530098,1.3100334925549875,-0.12936495971202808,1.1387173034617404,25.0
2026-07-03,-0.24491398856142146,0.8967429314904884,-0.3071329802815512,1.1923683009392392,20.0
2026-07-04,-0.915076724903744,0.6698868870553897,-0.0833899496016415,0.8260657696528262,7.0
2026-07-05,0.29589675119192943,1.6626652083390674,0.38824759557386324,0.752251687089696,13.0
2026-07-06,-0.18848052566398169,1.124440410145086,0.10295679731189569,0.950155298217094,20.0
2026-07-07,-0.040395999992931884,1.1691758899343694,-0.1897637575751412,0.9775164826952372,12.0
2026-07-08,0.4238763182288184,1.35917893821358,0.4399788319666833,0.958451234942989,13.0
2026-07-09,0.4489718726202888,1.0724318511867676,-0.10610873399908859,1.4084253222794205,15.0
2026-07-10,-0.0638780347707953,1.3972220412923326,0.16622637224917616,0.7431244406234907,9.0
2026-07-11,-0.19402751778122315,2.1341680332252424,0.3642933344647525,0.6872118712427093,6.0
2026-07-12,0.2535533804874121,0.9029855104385709,-0.38580325827317263,0.42061436909335137,5.0
2026-07-13,-0.27749428979263374,0.9387499092086048,0.15310533541600832,1.2260816617249617,12.0
2026-07-14,-0.7837830064334037,0.4943737632846306,-0.788553848318503,0.5388939566009853,4.0
2026-07-15,-0.08636666868812326,1.8650866018391081,0.5077137765062678,1.0711367761824258,4.0
2026-07-16,-0.0005146780742134435,0.6395333023957217,0.036383502093983285,0.7698319913602588,14.0
2026-07-17,0.2551087346834024,1.146252670217712,0.275998282863029,0.8076886729819108,20.0
2026-07-18,-0.00827164210707334,0.656131057110026,-0.7990391833137269,0.9636712030578182,10.0
2026-07-19,-0.44272396614357357,0.8331064571729413,-0.513351384882016,0.8243330151265282,16.0
2026-07-20,0.11092029866632189,0.5873467542848575,-0.908177061381495,0.4634750246521059,5.0
2026-07-21,-0.3420680420063165,1.0192804345010285,0.25039622509959336,1.0332757831684471,6.0
2026-07-22,-0.03794951661621539,1.2524493878916991,0.057953262779724825,1.1558423669697504,7.0
2026-07-23,0.42268441181359157,1.0179588279015481,-0.1097845843713177,0.9283030409087989,8.0
2026-07-24,-0.3153812694550199,0.21452538712579386,-0.12756387700688665,1.2214516339407755,4.0
2026-07-25,-1.0140454768681495,1.0,0.41273742018957404,1.0,1.0
2026-07-26,0.8370550090748963,0.6321122143116422,-0.20916835677075507,0.6709830586236173,6.0
2026-07-27,1.341447072533865,1.0,0.042741774132358426,1.0,1.0
2026-07-28,0.18655785459640517,0.8302999068196245,-0.24275231106995096,0.9828243253795392,50.0
2026-07-29,-0.3572081346201504,0.6586529106388461,-0.1426154725366639,0.6689010587691624,33.0
2026-07-30,0.21804123754678767,0.9289738711366996,0.5150150605137837,0.8748044282540874,20.0
2026-07-31,-0.016552876732481802,1.4628878461687735,0.6034439941232944,1.314101355452679,24.0
2026-08-01,0.06430096145837397,0.6968956115987615,0.2774001388238663,0.8231945872589883,5.0
2026-08-03,-0.13864874694322543,0.9924010924213795,-0.48145858845248174,1.1674144810586344,9.0
2026-08-04,0.7216563479606593,0.739626857414967,0.5142650516573674,0.2966052537944891,3.0
2026-08-05,-0.7003042798402672,1.0,-1.07421685110585,1.0,1.0
2026-08-06,0.15582977217885577,0.6091289683164114,-0.030904506660983908,0.5269342159601873,7.0
2026-08-07,0.2952313267842579,0.5989842765408446,0.9447917532717063,0.41796705747447915,3.0
2026-08-08,-0.3426692619902691,0.4669168723211668,0.7454257376530556,1.015035797496764,3.0
2026-08-09,-0.6163621083826551,0.3985961703377085,0.03304098372784662,0.6324818129913007,3.0
2026-08-10,-0.2644483285395544,0.7814467556354805,0.20725906421353502,0.8883872666355367,43.0
2026-08-11,-0.39371504556515136,1.0047014437316397,-0.26189815360793395,0.7084985847579631,30.0
2026-08-12,-0.5242586595302318,0.3728093548887641,-0.05341767185124491,1.0830611061728204,10.0
2026-08-13,-0.1300067057346377,1.2064141681069058,0.19691680207201512,0.9806909893581771,12.0
2026-08-14,0.07187304825458743,0.7567871143920897,0.2869853078309783,0.7285518756422295,11.0
2026-08-15,-0.22149881880073988,0.9027929690377106,0.21413732408429498,0.900816109675897,22.0
2026-08-16,-0.21641430908113415,0.9960952523022834,0.2268804511694341,1.0200296784992462,30.0
2026-08-17,-0.1794830818906058,0.8168690380675806,-0.01365296861667691,0.9255170990407541,24.0
2026-08-18,-0.296403611015466,0.4380004135088767,-0.5620957469110078,0.7962597779724768,7.0
2026-08-19,-0.19862791943234293,0.7863581570340935,-0.40701932725412876,0.519766716924934,3.0
2026-08-20,0.334655320621609,0.5267259068566039,-0.0509934582679763,1.0721156402748777,2.0
2026-08-21,1.1329895181243481,1.551588107752636,0.3433726002520563,0.834824181956556,3.0
2026-08-22,0.2628333223819451,1.0,-1.1276270061440032,1.0,1.0
2026-08-23,-0.466301462487458,0.6127801798383089,0.15975697901838778,0.7201134047784118,7.0
2026-08-24,-0.4163738964204588,1.0,-1.0632854073700395,1.0,1.0
2026-08-26,0.2166097181950413,1.0,0.2768232430945126,1.0,1.0
2026-08-27,-0.4744097386932165,0.6526380490663772,-0.2217166993925603,0.8969169201259871,11.0
2026-08-28,0.16728717361842405,1.0,0.41335751811187144,1.0,1.0
2026-08-29,2.011588360202778,1.0,0.4744368183623966,1.0,1.0
2026-08-30,-0.2564207465725909,0.2262079138591508,-1.3109843260020129,0.3502991701144865,2.0
2026-08-31,0.628221139598637,1.0,0.3589850688498237,1.0,1.0
2026-09-01,-0.11795795668346479,1.0,0.31080912231021407,1.0,1.0
2026-09-02,1.0988389542316261,0.39677949432789783,1.041379380450916,0.26481551147121984,2.0
2026-09-03,-0.4163738964204588,1.0,-1.0632854073700395,1.0,1.0
2026-09-04,-0.09282022274533354,1.0,-1.3797632629756542,1.0,1.0
2026-09-06,0.7293779910406141,1.0,-0.5343993539483683,1.0,1.0
2026-09-07,0.8174818248264567,0.15609388366308188,0.003514034954437306,1.0049695958912184,2.0
2026-09-09,0.5680728607652279,1.0,-0.3036860129872001,1.0,1.0
