,phrase,label,sentiment,subjectivity,language,count
USGS,USGS,ORG,0.05764472091659041,0.2746147149020212,en,116.60000000000026
Reuters,Reuters,ORG,0.05974387527839646,0.26861544172234614,en,44.89999999999996
NCS,NCS,ORG,-0.045516405667412434,0.21563199105145428,en,44.69999999999996
the Japan Meteorological Agency,the Japan Meteorological Agency,ORG,0.09814706645898241,0.2918289200415372,en,42.79999999999996
AP,AP,ORG,0.06090733820686652,0.5480539262231482,en,42.39999999999998
Trump,Trump,ORG,-0.07058908294218727,0.48963323846638757,en,40.99999999999996
the U.S. Geological Survey,the U.S. Geological Survey,ORG,0.07503885003885012,0.3283702408702412,en,38.999999999999964
UN,UN,ORG,0.01807132261677717,0.33512396694214897,en,28.599999999999987
the US Geological Survey,the US Geological Survey,ORG,0.04230462519936207,0.30102339181286575,en,28.499999999999986
the National Center for Seismology,the National Center for Seismology,ORG,-0.07378225381779888,0.27197867298578193,en,21.099999999999998
the IAB Transparency &amp,the IAB Transparency &amp,ORG,-0.14593397745571662,0.4019726247987118,en,20.699999999999996
NTT,NTT,ORG,0.0008375209380234505,0.1796482412060302,en,19.9
BMKG,BMKG,ORG,0.075591985428051,0.3228597449908925,en,18.3
KUALA LUMPUR,KUALA LUMPUR,ORG,0.19766728054020866,0.5213321055862492,en,18.1
Google,Google,ORG,0.15201455837958908,0.36499172266043434,en,16.3
JMA,JMA,ORG,0.018895966029723984,0.06682590233545645,en,15.700000000000005
EMSC,EMSC,ORG,0.024350649350649345,0.0698051948051948,en,15.400000000000004
the National Centre for Seismology,the National Centre for Seismology,ORG,-0.08430735930735926,0.27175324675324664,en,14.000000000000004
The US Geological Survey,The US Geological Survey,ORG,0.0008055853920515576,0.147422126745435,en,13.300000000000002
Geophysics Agency,Geophysics Agency,ORG,0.09523809523809523,0.3956582633053221,en,11.900000000000002
The U.S. Geological Survey,The U.S. Geological Survey,ORG,0.015086206896551727,0.45689655172413784,en,11.600000000000001
GFZ,GFZ,ORG,0.004310344827586207,0.038793103448275856,en,11.600000000000001
Sony,Sony,ORG,0.09960681520314547,0.26168632590650936,en,10.900000000000002
TSMC,TSMC,ORG,0.1296636085626911,0.3844036697247705,en,10.900000000000002
The Japan Meteorological Agency,The Japan Meteorological Agency,ORG,0.008409785932721712,0.13328236493374104,en,10.900000000000002
National Assembly,National Assembly,ORG,0.12079510703363912,0.255861365953109,en,10.900000000000002
NASA,NASA,ORG,-0.020984848484848485,0.5936060606060605,en,10.000000000000002
Stock Score,Stock Score,ORG,0.1813186813186813,0.5785714285714284,en,9.100000000000001
SEBI,SEBI,ORG,0.017241379310344824,0.057471264367816084,en,8.700000000000001
Cascadia,Cascadia,ORG,-0.04009993224932249,0.44405949741315587,en,8.200000000000001
MetMalaysia,MetMalaysia,ORG,0.24593495934959345,0.4349593495934959,en,8.200000000000001
Meteorological Agency,Meteorological Agency,ORG,0.16306306306306304,0.19864864864864865,en,7.4
USGS).The,USGS).The,ORG,0.0821917808219178,0.273972602739726,en,7.300000000000001
CNN,CNN,ORG,-0.29825653798256535,0.5651722706517227,en,7.300000000000001
BNPB,BNPB,ORG,0.012698412698412678,0.5892857142857143,en,7.0
Taliban,Taliban,ORG,0.007495915032679734,0.24295343137254902,en,6.800000000000001
KUMAMOTO,KUMAMOTO,ORG,0.13805970149253732,0.6551616915422885,en,6.7
BBC,BBC,ORG,-0.24440298507462685,0.1791044776119403,en,6.7
the German Research Centre for Geosciences (GFZ,the German Research Centre for Geosciences (GFZ,ORG,0.005208333333333333,0.020833333333333332,en,6.4
Geoscience Australia,Geoscience Australia,ORG,0.023437499999999993,0.15234375,en,6.4
AFP,AFP,ORG,-0.018359374999999997,0.2114583333333333,en,6.4
Earthquakes Canada,Earthquakes Canada,ORG,0.04687500000000001,0.14062499999999997,en,6.4
La Guaira,La Guaira,ORG,0.03823784722222221,0.35347222222222213,en,6.4
CBS Interactive Inc. All,CBS Interactive Inc. All,ORG,0.0,0.0,en,6.4
FIFA,FIFA,ORG,0.15555555555555553,0.4037037037037036,en,6.000000000000001
&amp,&amp,ORG,0.0,0.043103448275862065,en,5.800000000000001
Android,Android,ORG,-0.039968652037617576,0.3936781609195402,en,5.8
Iwate,Iwate,ORG,0.08333333333333333,0.1982758620689655,en,5.8
AFAD,AFAD,ORG,-0.05263157894736842,0.05263157894736842,en,5.7
MLB,MLB,ORG,-0.031818181818181815,0.4666666666666666,en,5.5
the Euro-Mediterranean Seismological Centre,the Euro-Mediterranean Seismological Centre,ORG,0.03636363636363637,0.07272727272727274,en,5.5
Palu,Palu,ORG,0.09696969696969697,0.3181818181818182,en,5.5
the National Earthquake Monitoring and Research Center,the National Earthquake Monitoring and Research Center,ORG,0.04848484848484849,0.1878787878787879,en,5.5
"Getty Images
","Getty Images
",ORG,0.025157232704402514,0.2955974842767295,en,5.300000000000001
Shakira,Shakira,ORG,0.08679245283018867,0.5773584905660376,en,5.300000000000001
CCTV,CCTV,ORG,0.024509803921568624,0.44716775599128533,en,5.1000000000000005
EU,EU,ORG,0.03989361702127659,0.2047872340425532,en,4.7
the German Research Centre for Geosciences,the German Research Centre for Geosciences,ORG,0.05615942028985507,0.19746376811594205,en,4.6
The New York Times,The New York Times,ORG,0.1316425120772947,0.3649538866930172,en,4.6
The United Nations,The United Nations,ORG,0.07608695652173915,0.15760869565217392,en,4.6
Apple,Apple,ORG,-0.28260869565217395,0.08695652173913045,en,4.6
World Bank,World Bank,ORG,-0.021739130434782605,0.07246376811594203,en,4.6
State,State,ORG,-0.034420289855072464,0.17149758454106284,en,4.6
Nintendo,Nintendo,ORG,0.12560386473429952,0.4975845410628019,en,4.6
USDT,USDT,ORG,-0.21784420289855072,0.5205314009661836,en,4.6
AP News,AP News,ORG,0.043478260869565216,0.24456521739130438,en,4.6
World Central Kitchen,World Central Kitchen,ORG,-0.08333333333333333,0.3315217391304348,en,4.6
Vanguard News,Vanguard News,ORG,0.16003787878787878,0.3876262626262626,en,4.4
GOP,GOP,ORG,0.070160791589363,0.1920463134748849,en,4.2
magnitude-7.5,magnitude-7.5,ORG,-0.05,0.2583333333333333,en,4.0
ANI,ANI,ORG,-0.0912878787878788,0.6375000000000001,en,3.9999999999999996
NHK,NHK,ORG,-0.03618421052631579,0.3830409356725147,en,3.8
National Center for Seismology,National Center for Seismology,ORG,-0.0950292397660819,0.20614035087719298,en,3.8
AI,AI,ORG,-0.045933014354067006,0.22408293460925044,en,3.799999999999999
The National Disaster Mitigation Agency,The National Disaster Mitigation Agency,ORG,0.2672672672672672,0.6554054054054054,en,3.7
the European-Mediterranean Seismological Centre,the European-Mediterranean Seismological Centre,ORG,-0.027027027027027032,0.054054054054054064,en,3.6999999999999997
the Japanese Meteorological Agency,the Japanese Meteorological Agency,ORG,0.11711711711711711,0.3693693693693694,en,3.6999999999999997
the Euro-Mediterranean Seismological Center,the Euro-Mediterranean Seismological Center,ORG,0.0,0.0,en,3.6999999999999997
Latest News,Latest News,ORG,0.24614435864435869,0.40772200772200773,en,3.6999999999999997
SOUTHCOM,SOUTHCOM,ORG,-0.021621621621621623,0.15675675675675677,en,3.6999999999999997
NSW,NSW,ORG,0.08494208494208495,0.22393822393822393,en,3.6999999999999997
Binance Charity,Binance Charity,ORG,-0.14414414414414414,0.4444444444444445,en,3.6999999999999997
Manipur,Manipur,ORG,-0.02364864864864865,0.13513513513513514,en,3.6999999999999997
the Fire and Rescue Department,the Fire and Rescue Department,ORG,0.11261261261261261,0.23873873873873874,en,3.6999999999999997
Time,Time,ORG,0.10360360360360361,0.3693693693693694,en,3.6999999999999997
Takaichi,Takaichi,ORG,0.3783783783783784,0.45045045045045046,en,3.6999999999999997
EMSC).The,EMSC).The,ORG,0.0,0.0,en,3.6999999999999997
DW,DW,ORG,0.40540540540540543,0.40540540540540543,en,3.6999999999999997
Venezuelan National Assembly,Venezuelan National Assembly,ORG,-0.3986486486486487,0.5945945945945947,en,3.6999999999999997
NBC News,NBC News,ORG,0.015444015444015465,0.09073359073359073,en,3.6999999999999997
NCS).As,NCS).As,ORG,-0.13457207207207209,0.1739864864864865,en,3.6999999999999997
External Affairs,External Affairs,ORG,0.0763035763035763,0.2695390195390196,en,3.6999999999999997
U.S. Southern Command,U.S. Southern Command,ORG,-0.027627627627627632,0.11591591591591592,en,3.6999999999999997
McDonald,McDonald,ORG,0.0,0.04054054054054055,en,3.6999999999999997
Times Syndication Service,Times Syndication Service,ORG,0.0,0.0,en,3.6999999999999997
the State Department,the State Department,ORG,-0.027627627627627632,0.11591591591591592,en,3.6999999999999997
Tigers,Tigers,ORG,0.17792792792792794,0.5045045045045046,en,3.6999999999999997
magn,magn,ORG,0.001289926289926291,0.027027027027027032,en,3.6999999999999997
Marine Corps,Marine Corps,ORG,0.036036036036036036,0.2882882882882883,en,3.6999999999999997
IST,IST,ORG,0.0,0.2882882882882883,en,3.6999999999999997
Aeon,Aeon,ORG,0.08108108108108109,0.21621621621621626,en,3.6999999999999997
"Bennett, Coleman &amp;","Bennett, Coleman &amp;",ORG,0.11373873873873873,0.2939189189189189,en,3.6999999999999997
the Malaysian Meteorological Department,the Malaysian Meteorological Department,ORG,0.44594594594594594,0.545045045045045,en,3.6999999999999997
Parliament,Parliament,ORG,-0.01801801801801803,0.2725225225225225,en,3.6999999999999997
Samsung,Samsung,ORG,0.04398148148148149,0.3287037037037037,en,3.5999999999999996
the Great Pyramid of Giza,the Great Pyramid of Giza,ORG,0.529649556792414,0.511163677592249,en,3.4999999999999996
Senate,Senate,ORG,0.06684491978609626,0.12180629827688653,en,3.3999999999999995
World Brief,World Brief,ORG,0.2739583333333334,0.4980902777777778,en,3.1999999999999997
Govt,Govt,ORG,0.0967741935483871,0.03225806451612903,en,3.1
Supreme Court,Supreme Court,ORG,0.0,0.0,en,3.1
magnitude-6.3,magnitude-6.3,ORG,0.016666666666666666,0.1111111111111111,en,3.0
Disaster and Emergency Management Authority,Disaster and Emergency Management Authority,ORG,-0.10344827586206896,0.10344827586206896,en,2.9
ProtoThema,ProtoThema,ORG,0.23275862068965522,0.3290229885057472,en,2.8999999999999995
the Great Pyramid,the Great Pyramid,ORG,0.46980519480519484,0.40773809523809523,en,2.8
OAKA,OAKA,ORG,0.1496031746031746,0.39470899470899484,en,2.8
UMS,UMS,ORG,0.052976190476190475,0.4107142857142857,en,2.8
The Pacific Ring of Fire,The Pacific Ring of Fire,ORG,-0.05973639455782314,0.35714285714285715,en,2.8
Eastern,Eastern,ORG,0.25,0.10714285714285715,en,2.8
PCI,PCI,ORG,0.11785714285714287,0.0,en,2.8
Presbyterian Church,Presbyterian Church,ORG,0.0,0.0,en,2.8
Choco,Choco,ORG,0.13392857142857142,0.0,en,2.8
Fed,Fed,ORG,-0.07142857142857145,0.3035714285714286,en,2.8
Detroit Tigers,Detroit Tigers,ORG,0.022321428571428572,0.1904761904761905,en,2.8
The New Madrid Fault And,The New Madrid Fault And,ORG,0.15994897959183674,0.3218460111317254,en,2.8
Super Volunteer,Super Volunteer,ORG,0.3373015873015873,0.40674603174603174,en,2.8
Operation Amistad,Operation Amistad,ORG,0.25,0.5428571428571429,en,2.8
UNICEF,UNICEF,ORG,0.044642857142857144,0.09523809523809525,en,2.8
Toyota,Toyota,ORG,-0.07142857142857144,0.18750000000000003,en,2.8
the European Mediterranean Seismological Centre,the European Mediterranean Seismological Centre,ORG,0.1369047619047619,0.2529761904761905,en,2.8
the Presbyterian Church,the Presbyterian Church,ORG,0.0,0.0,en,2.8
Mahayahay Elementary School,Mahayahay Elementary School,ORG,0.2619047619047619,0.6428571428571429,en,2.8
un,un,ORG,-0.07142857142857142,0.0,en,2.8
The National Center for Seismology,The National Center for Seismology,ORG,-0.017857142857142853,0.23214285714285718,en,2.8
GPS,GPS,ORG,0.12142857142857143,0.31428571428571433,en,2.8
the House of Representatives,the House of Representatives,ORG,0.05952380952380953,0.0,en,2.8
Roma,Roma,ORG,0.17857142857142858,0.17857142857142858,en,2.8
BRIN,BRIN,ORG,0.0619047619047619,0.21904761904761905,en,2.8
Gwaii,Gwaii,ORG,0.07142857142857144,0.25,en,2.8
Klein Dytham Architecture,Klein Dytham Architecture,ORG,0.17857142857142858,0.17857142857142858,en,2.8
Central Weather Administration,Central Weather Administration,ORG,-0.1607142857142857,0.3035714285714286,en,2.8
CBS News,CBS News,ORG,0.18010204081632653,0.5193877551020408,en,2.8
CBS News',CBS News',ORG,0.17857142857142858,0.17857142857142858,en,2.8
the British Geological Survey,the British Geological Survey,ORG,0.01785714285714286,0.17857142857142858,en,2.8
AMZN,AMZN,ORG,-0.8928571428571429,0.7142857142857143,en,2.8
MAUMERE,MAUMERE,ORG,0.10089285714285715,0.38630952380952377,en,2.8
Walt Disney World,Walt Disney World,ORG,0.12175324675324675,0.4058441558441559,en,2.8
Labour,Labour,ORG,0.003224206349206333,0.34523809523809523,en,2.8
Susitna,Susitna,ORG,0.01785714285714286,0.21428571428571433,en,2.8
Tottori,Tottori,ORG,0.18849206349206352,0.14682539682539686,en,2.8
MAG,MAG,ORG,0.07738095238095238,0.30952380952380953,en,2.8
BPBD,BPBD,ORG,0.15476190476190477,0.11904761904761905,en,2.8
Prayagraj,Prayagraj,ORG,0.09019764957264956,0.3855731074481074,en,2.8
Fujifilm,Fujifilm,ORG,0.17857142857142858,0.17857142857142858,en,2.8
ABC News,ABC News,ORG,0.011904761904761906,0.10714285714285715,en,2.8
UNOCHA - United Nations Office,UNOCHA - United Nations Office,ORG,0.0,0.0,en,2.8
Google Play Services,Google Play Services,ORG,0.3125,0.5416666666666666,en,2.8
the National Centre of Seismology,the National Centre of Seismology,ORG,0.1130952380952381,0.1488095238095238,en,2.8
RT,RT,ORG,-0.08333333333333336,0.32142857142857145,en,2.8
KYODO NEWS,KYODO NEWS,ORG,0.1551580859616574,0.2739254792826221,en,2.8
U.S. Geological Survey,U.S. Geological Survey,ORG,-0.0059523809523809685,0.369047619047619,en,2.8
BOGOTÁ,BOGOTÁ,ORG,-0.2916666666666667,0.27232142857142855,en,2.8
the Colombian Association of Capital Cities,the Colombian Association of Capital Cities,ORG,-0.17857142857142858,0.14285714285714288,en,2.8
newsweek.com,newsweek.com,ORG,0.0,0.0,en,2.8
Natural Resources Canada,Natural Resources Canada,ORG,0.08035714285714288,0.37946428571428575,en,2.8
Foreign Policys Latin America Brief,Foreign Policys Latin America Brief,ORG,0.1947115384615385,0.2612179487179487,en,2.6
Bayes Theorem,Bayes Theorem,ORG,-0.10648148148148148,0.18518518518518517,en,2.4
Provincia de Santiago de Cuba,Provincia de Santiago de Cuba,ORG,0.18055555555555555,0.3055555555555555,en,2.4
BIPOC,BIPOC,ORG,0.0625,0.18055555555555558,en,2.4
Broward Health,Broward Health,ORG,0.0,0.12037037037037036,en,2.4
GIS,GIS,ORG,0.046296296296296294,0.14814814814814814,en,2.4
ScienceAlert,ScienceAlert,ORG,0.0,0.0,en,2.3
Sky News,Sky News,ORG,0.0,0.0,en,2.1999999999999997
UNHCR,UNHCR,ORG,0.07272727272727274,0.7000000000000001,en,2.1999999999999997
Caraballeda,Caraballeda,ORG,0.11363636363636365,0.33522727272727276,en,2.1999999999999997
NFL,NFL,ORG,0.1893939393939394,0.3787878787878788,en,2.1999999999999997
Warner Bros.,Warner Bros.,ORG,-0.1904761904761905,0.14285714285714285,en,2.1
The World Health Organisation,The World Health Organisation,ORG,0.026666666666666665,0.41833333333333333,en,2.0
The Japan Air Self-Defense Force,The Japan Air Self-Defense Force,ORG,0.19318181818181818,0.19696969696969696,en,2.0
ZDNET,ZDNET,ORG,0.0,1.0526315789473684,en,1.9000000000000001
Jersey Overseas Aid,Jersey Overseas Aid,ORG,0.0,0.0,en,1.9
Housing Now,Housing Now,ORG,0.15789473684210525,0.18421052631578946,en,1.9
the Culture and Tourism Ministry,the Culture and Tourism Ministry,ORG,0.07894736842105264,0.15789473684210525,en,1.9
The World Bank,The World Bank,ORG,0.15701754385964914,0.3609022556390978,en,1.9
Universal,Universal,ORG,0.017543859649122806,0.017543859649122806,en,1.9
China Earthquake Networks Center,China Earthquake Networks Center,ORG,0.10526315789473685,0.15789473684210525,en,1.9
Air India,Air India,ORG,0.1206140350877193,0.20701754385964913,en,1.9
mag,mag,ORG,0.03508771929824561,0.2280701754385965,en,1.9
California Post,California Post,ORG,0.14035087719298245,0.2807017543859649,en,1.9
Champions League,Champions League,ORG,-0.11403508771929827,0.23684210526315788,en,1.9
Langtang,Langtang,ORG,0.0,0.32894736842105265,en,1.9
the China Earthquak,the China Earthquak,ORG,0.13157894736842105,0.2006578947368421,en,1.9
FC Barcelona,FC Barcelona,ORG,0.11695906432748537,0.18128654970760238,en,1.9
British Geological Survey,British Geological Survey,ORG,0.19736842105263158,0.13157894736842105,en,1.9
the Euro-Mediterranean Seisomological Center,the Euro-Mediterranean Seisomological Center,ORG,0.052631578947368425,0.15789473684210525,en,1.9
Taiwan Semiconductor Manufacturing Co.,Taiwan Semiconductor Manufacturing Co.,ORG,0.25263157894736843,0.34210526315789475,en,1.9
Geophysics Agency Geophysics Station,Geophysics Agency Geophysics Station,ORG,0.4042105263157895,0.3821052631578947,en,1.9
Health Ministry,Health Ministry,ORG,0.0,0.0,en,1.9
Bambu Lab,Bambu Lab,ORG,0.0,0.2631578947368421,en,1.9
Bambu Lab LATAM,Bambu Lab LATAM,ORG,0.0,0.2631578947368421,en,1.9
the New York Times,the New York Times,ORG,-0.00410116199589884,0.18865345181134657,en,1.9
hiat,hiat,ORG,0.0,0.0,en,1.9
CENC,CENC,ORG,0.12280701754385967,0.2631578947368421,en,1.9
Office of Civil Defense,Office of Civil Defense,ORG,0.0,0.0,en,1.9
the Southeastern Qinghai-Tibet Plateau,the Southeastern Qinghai-Tibet Plateau,ORG,0.0,0.0,en,1.9
"3,342.It","3,342.It",ORG,0.5263157894736842,0.2631578947368421,en,1.9
Communication and Information Ministry,Communication and Information Ministry,ORG,0.5263157894736842,0.2631578947368421,en,1.9
‍said,‍said,ORG,0.0,0.0,en,1.9
Amazon,Amazon,ORG,0.07054093567251463,0.0,en,1.9
the Toronto Maple Leafs,the Toronto Maple Leafs,ORG,0.2631578947368421,0.2631578947368421,en,1.9
New World,New World,ORG,0.003286453047218598,0.23904112899328211,en,1.9
Lions,Lions,ORG,0.0,0.0,en,1.9
E85,E85,ORG,0.19736842105263158,0.5263157894736842,en,1.9
The Government of India,The Government of India,ORG,0.0,0.2631578947368421,en,1.9
Baznas,Baznas,ORG,0.0,0.0,en,1.9
Sun,Sun,ORG,0.03588516746411483,0.052631578947368425,en,1.9
Great Pyramid Survived Thousands of Years of Earthquakes,Great Pyramid Survived Thousands of Years of Earthquakes,ORG,0.8421052631578948,0.39473684210526316,en,1.9
the National Assembly of Venezuela,the National Assembly of Venezuela,ORG,0.0,0.03508771929824561,en,1.9
Bermuda Triangle,Bermuda Triangle,ORG,0.052631578947368425,0.5263157894736842,en,1.9
Humane World for Animals,Humane World for Animals,ORG,-0.07017543859649122,0.08771929824561403,en,1.9
Nevada Air Force,Nevada Air Force,ORG,-0.061134980307912645,0.3319011815252417,en,1.9
the Ahbap Association,the Ahbap Association,ORG,-0.3007518796992481,0.2218045112781955,en,1.9
The Great Pyramid of Giza,The Great Pyramid of Giza,ORG,0.6947368421052632,0.39473684210526316,en,1.9
Al Jazeera,Al Jazeera,ORG,-0.026315789473684213,0.0,en,1.9
National Alms Agency,National Alms Agency,ORG,0.0,0.0,en,1.9
Farrer,Farrer,ORG,0.03070175438596491,0.2631578947368421,en,1.9
the Great Pyramid's,the Great Pyramid's,ORG,0.8421052631578948,0.39473684210526316,en,1.9
the U.S. House of Representatives,the U.S. House of Representatives,ORG,0.17543859649122806,0.17543859649122806,en,1.9
megaquake,megaquake,ORG,0.0,0.0,en,1.9
Moodus,Moodus,ORG,-0.43859649122807015,0.39473684210526316,en,1.9
the National Earthquake Monitoring and Research Centre,the National Earthquake Monitoring and Research Centre,ORG,0.0,0.0,en,1.9
the Golden State,the Golden State,ORG,0.2607655502392345,0.13157894736842105,en,1.9
The Coordinating Ministry for Human Development and Culture,The Coordinating Ministry for Human Development and Culture,ORG,0.0,0.026315789473684213,en,1.9
Wikimedia Commons,Wikimedia Commons,ORG,0.0,0.0,en,1.9
the Pacific Tsunami Warning Center,the Pacific Tsunami Warning Center,ORG,-0.10526315789473685,0.052631578947368425,en,1.9
IDF,IDF,ORG,0.013157894736842106,0.0,en,1.9
the Asian Development Bank,the Asian Development Bank,ORG,0.0,0.0,en,1.9
the Cabinet Office,the Cabinet Office,ORG,0.0,0.013157894736842106,en,1.9
ADB,ADB,ORG,0.0,0.0,en,1.9
Crypto Briefing,Crypto Briefing,ORG,0.19736842105263158,0.3508771929824561,en,1.9
HADR,HADR,ORG,0.3684210526315789,0.30000000000000004,en,1.9
IOM,IOM,ORG,-0.17543859649122806,0.0,en,1.9
The International Organization for Migration,The International Organization for Migration,ORG,-0.17543859649122806,0.0,en,1.9
DST,DST,ORG,-0.12440191387559811,0.2030075187969925,en,1.9
VRSK,VRSK,ORG,0.06578947368421052,0.0,en,1.9
Live Nation,Live Nation,ORG,0.03189792663476874,0.25518341307814996,en,1.9
NISAR,NISAR,ORG,0.3092105263157895,0.0,en,1.9
Ticketmaster,Ticketmaster,ORG,0.03189792663476874,0.25518341307814996,en,1.9
the German Research Center for Geosciences (GFZ,the German Research Center for Geosciences (GFZ,ORG,-0.052631578947368425,0.026315789473684213,en,1.9
Oxford,Oxford,ORG,0.09236633249791146,0.0,en,1.9
CARABALLEDA,CARABALLEDA,ORG,-0.13486842105263158,0.3092105263157895,en,1.9
Malaysian Meteorological Department,Malaysian Meteorological Department,ORG,0.0,0.0,en,1.9
MSDMA,MSDMA,ORG,0.0,0.0,en,1.9
Washington Post,Washington Post,ORG,0.17543859649122806,0.30701754385964913,en,1.9
Geol,Geol,ORG,0.0,0.0,en,1.9
USAID,USAID,ORG,0.0,0.04385964912280702,en,1.9
Instagram,Instagram,ORG,0.08492822966507177,0.23923444976076555,en,1.9
The Thai Meteorological Department,The Thai Meteorological Department,ORG,0.18421052631578946,0.2894736842105263,en,1.9
Volkswagen,Volkswagen,ORG,0.0,0.0,en,1.9
G-Secs,G-Secs,ORG,0.0,0.0,en,1.9
KUALA LUMPUR:,KUALA LUMPUR:,ORG,0.21743421052631579,0.2649122807017544,en,1.9
The Utah Geological Survey,The Utah Geological Survey,ORG,0.0007974481658692163,0.2769138755980861,en,1.9
The U.S. State Department,The U.S. State Department,ORG,0.052631578947368425,0.16447368421052633,en,1.9
Trump Admin,Trump Admin,ORG,0.0,0.0,en,1.9
Works,Works,ORG,0.10526315789473685,0.2894736842105263,en,1.9
UGS,UGS,ORG,0.036283891547049446,0.2769138755980861,en,1.9
the “Territorial Enterprise“,the “Territorial Enterprise“,ORG,0.05645933014354067,0.23030303030303034,en,1.9
the German Research Center for Geosciences,the German Research Center for Geosciences,ORG,0.030701754385964918,0.017543859649122806,en,1.9
IMD,IMD,ORG,0.052631578947368425,0.0,en,1.9
Python,Python,ORG,0.0,0.0,en,1.9
JWR,JWR,ORG,0.07177033492822966,0.0,en,1.9
the Meghalaya State Disaster Management Authority,the Meghalaya State Disaster Management Authority,ORG,0.0,0.0,en,1.9
the BloFin,the BloFin,ORG,0.0,0.0,en,1.9
the Wasatch Front,the Wasatch Front,ORG,0.2631578947368421,0.34210526315789475,en,1.9
Indian Air Force's,Indian Air Force's,ORG,0.0,0.0,en,1.9
Boeing,Boeing,ORG,0.0,0.0,en,1.9
Globemaster,Globemaster,ORG,0.0,0.0,en,1.9
orchestra conductor,orchestra conductor,ORG,-0.07017543859649122,0.12280701754385964,en,1.9
BLACKPINK,BLACKPINK,ORG,-0.13157894736842105,0.0,en,1.9
the Red Cross,the Red Cross,ORG,0.04210526315789474,0.03157894736842106,en,1.9
ESMC,ESMC,ORG,0.0,0.0,en,1.9
UNGRD,UNGRD,ORG,-0.052631578947368425,0.0,en,1.9
Mediagazer,Mediagazer,ORG,0.0,0.0,en,1.9
AP Photo,AP Photo,ORG,0.026315789473684206,0.4736842105263158,en,1.9
IIT-Kanpur,IIT-Kanpur,ORG,0.017763157894736842,0.30460526315789477,en,1.9
Imperial,Imperial,ORG,0.15789473684210525,0.0,en,1.9
The Sporting News,The Sporting News,ORG,0.19736842105263158,0.0,en,1.9
McDonald's,McDonald's,ORG,-0.026315789473684213,0.0,en,1.9
İşbank,İşbank,ORG,0.0,0.0,en,1.9
Warren & Mahoney,Warren & Mahoney,ORG,0.10765550239234449,0.23923444976076555,en,1.9
Fantoons,Fantoons,ORG,-0.6390977443609023,0.5263157894736842,en,1.9
First Ring Daily 1897,First Ring Daily 1897,ORG,0.15350877192982454,0.11695906432748537,en,1.9
University of Washington,University of Washington,ORG,0.12440191387559808,0.2105263157894737,en,1.9
the environment department,the environment department,ORG,0.0,0.17543859649122806,en,1.9
"the Indonesian Meteorology, Climatology","the Indonesian Meteorology, Climatology",ORG,0.0,0.06578947368421052,en,1.9
PALU,PALU,ORG,-0.06798245614035088,0.20394736842105263,en,1.9
the Biomass and Bioproduct Research Center,the Biomass and Bioproduct Research Center,ORG,0.09122807017543859,0.16140350877192983,en,1.9
Iwate Prefectures,Iwate Prefectures,ORG,-0.043859649122807015,0.043859649122807015,en,1.9
magnit,magnit,ORG,0.0,0.0,en,1.9
The German Research Centre for Geosciences (GFZ,The German Research Centre for Geosciences (GFZ,ORG,0.0,0.0,en,1.9
Seahawks,Seahawks,ORG,0.19736842105263158,0.39473684210526316,en,1.9
US Geological Survey,US Geological Survey,ORG,-0.1298245614035088,0.3157894736842105,en,1.9
U.S. Navy,U.S. Navy,ORG,0.052631578947368425,0.2105263157894737,en,1.9
IWAKI,IWAKI,ORG,0.10526315789473685,0.30701754385964913,en,1.9
the Geodynamic Institute,the Geodynamic Institute,ORG,0.0,0.0,en,1.9
Caraca,Caraca,ORG,0.1105263157894737,0.2982456140350877,en,1.9
Xinhua,Xinhua,ORG,0.09210526315789473,0.14473684210526316,en,1.9
western Quebec,western Quebec,ORG,-0.026315789473684213,0.052631578947368425,en,1.9
Ont,Ont,ORG,-0.026315789473684213,0.052631578947368425,en,1.9
The Atlanta Braves Foundation,The Atlanta Braves Foundation,ORG,0.0,0.0,en,1.9
the Fundraising Regulator,the Fundraising Regulator,ORG,-0.13157894736842105,0.2807017543859649,en,1.9
The Charity Commission,The Charity Commission,ORG,-0.13157894736842105,0.2807017543859649,en,1.9
CHD,CHD,ORG,0.04210526315789474,0.052631578947368425,en,1.9
the O House,the O House,ORG,0.08114035087719297,0.2105263157894737,en,1.9
The National Seismology and Research Center,The National Seismology and Research Center,ORG,-0.03508771929824562,0.052631578947368425,en,1.9
The National Seismological Institute,The National Seismological Institute,ORG,0.0,0.0,en,1.9
Smartphone,Smartphone,ORG,0.054276315789473686,0.11403508771929825,en,1.9
Science &amp,Science &amp,ORG,0.2631578947368421,0.0,en,1.9
TikTok,TikTok,ORG,0.052631578947368425,0.2105263157894737,en,1.9
the Oval Office,the Oval Office,ORG,-0.6578947368421053,0.39473684210526316,en,1.9
the Disaster Victims' Livelihood Recovery Support Act,the Disaster Victims' Livelihood Recovery Support Act,ORG,0.10526315789473685,0.2105263157894737,en,1.9
The Ministry of Social Affairs,The Ministry of Social Affairs,ORG,0.03508771929824561,0.03508771929824561,en,1.9
The Malaysian Meteorological Department,The Malaysian Meteorological Department,ORG,0.17105263157894735,0.22368421052631582,en,1.9
SUSITNA,SUSITNA,ORG,0.0,0.0,en,1.9
the National Building Code,the National Building Code,ORG,0.5789473684210527,0.34210526315789475,en,1.9
Alaska Standard Time,Alaska Standard Time,ORG,0.0,0.0,en,1.9
Papel & Papelón,Papel & Papelón,ORG,0.34210526315789475,0.13157894736842105,en,1.9
UN News,UN News,ORG,0.09122807017543859,0.10526315789473686,en,1.9
Erdoğan,Erdoğan,ORG,0.0,0.0,en,1.9
KAI) Operation Area 2,KAI) Operation Area 2,ORG,0.37894736842105264,0.3263157894736842,en,1.9
Sony Group,Sony Group,ORG,0.30409356725146197,0.1286549707602339,en,1.9
Spotify,Spotify,ORG,0.07017543859649124,0.2807017543859649,en,1.9
WCK,WCK,ORG,-0.15789473684210525,0.17105263157894737,en,1.9
"Choco, Cali","Choco, Cali",ORG,-0.07894736842105263,0.0,en,1.9
The Supreme Court,The Supreme Court,ORG,0.0,0.0,en,1.9
REO,REO,ORG,0.052631578947368425,0.2236842105263158,en,1.9
The British Geological Survey,The British Geological Survey,ORG,0.0,0.0,en,1.9
Chupaca,Chupaca,ORG,-0.07894736842105264,0.10526315789473685,en,1.9
The Trump Administration,The Trump Administration,ORG,0.0,0.0,en,1.9
Young Brothers,Young Brothers,ORG,0.0685805422647528,0.22488038277511962,en,1.9
Telemundo,Telemundo,ORG,-0.11363636363636365,0.0,en,1.9
National Civil Defense Institute,National Civil Defense Institute,ORG,-0.10526315789473686,0.24561403508771928,en,1.9
the national meterological service,the national meterological service,ORG,-0.052631578947368425,0.19078947368421056,en,1.9
DHS,DHS,ORG,0.4210526315789474,0.4210526315789474,en,1.9
"the ""Big One""","the ""Big One""",ORG,-0.003070175438596504,0.1754385964912281,en,1.9
the Labuan Bajo Flores Tourism Authority Board,the Labuan Bajo Flores Tourism Authority Board,ORG,0.0,0.0,en,1.9
Cleveland Guardians,Cleveland Guardians,ORG,0.09210526315789473,0.20394736842105268,en,1.9
The European Union,The European Union,ORG,0.046052631578947366,0.08223684210526316,en,1.9
the Indonesian House of Representatives,the Indonesian House of Representatives,ORG,0.0,0.0,en,1.9
BPOLBF,BPOLBF,ORG,0.0,0.0,en,1.9
Nepal Updates National Building Code for Earthquake Resistant Construction,Nepal Updates National Building Code for Earthquake Resistant Construction,ORG,0.5526315789473685,0.34210526315789475,en,1.9
The State Logistics Agency,The State Logistics Agency,ORG,0.0,0.0,en,1.9
Peoples' Review,Peoples' Review,ORG,0.2236842105263158,0.17543859649122806,en,1.9
Nissan Motor,Nissan Motor,ORG,0.06578947368421052,0.2631578947368421,en,1.9
CEV,CEV,ORG,0.15789473684210525,0.2368421052631579,en,1.9
Lat,Lat,ORG,-0.08771929824561404,0.18421052631578946,en,1.9
Perak,Perak,ORG,0.06140350877192982,0.32456140350877194,en,1.9
Momentum Technologies,Momentum Technologies,ORG,0.0,0.13157894736842105,en,1.9
Casualty Figures ',Casualty Figures ',ORG,-0.09738835725677832,0.22069377990430622,en,1.9
The Ministry of Health,The Ministry of Health,ORG,0.02631578947368422,0.16447368421052633,en,1.9
all Regional General Hospitals (RSUD,all Regional General Hospitals (RSUD,ORG,0.02631578947368422,0.16447368421052633,en,1.9
the Meteorological Agency,the Meteorological Agency,ORG,0.0,0.4210526315789474,en,1.9
the Alaska Earthquake Center,the Alaska Earthquake Center,ORG,0.04461152882205514,0.19097744360902258,en,1.9
The Nation,The Nation,ORG,0.39473684210526316,0.3508771929824561,en,1.9
Mineral and Geoscience Department,Mineral and Geoscience Department,ORG,0.06140350877192982,0.32456140350877194,en,1.9
Honda Motor,Honda Motor,ORG,0.06578947368421052,0.2631578947368421,en,1.9
Capcom,Capcom,ORG,0.060526315789473685,0.0,en,1.9
Bloomberg,Bloomberg,ORG,0.14912280701754385,0.5,en,1.9
Toyota Motor Kyushu,Toyota Motor Kyushu,ORG,0.06578947368421052,0.2631578947368421,en,1.9
YATSUSHIRO,YATSUSHIRO,ORG,-0.15789473684210525,0.10526315789473685,en,1.9
Greater Sudbury,Greater Sudbury,ORG,0.2807017543859649,0.3333333333333333,en,1.9
the “Big One”,the “Big One”,ORG,-0.10175438596491229,0.1754385964912281,en,1.9
FEMA,FEMA,ORG,0.0,0.0,en,1.9
Campi Flegrei,Campi Flegrei,ORG,0.04021417179311919,0.9074390521758944,en,1.9
Columbia Memorial Hospital,Columbia Memorial Hospital,ORG,0.09539473684210528,0.2368421052631579,en,1.9
coastNBC News,coastNBC News,ORG,0.18658625730994155,0.2807017543859649,en,1.9
"NewsFeed
","NewsFeed
",ORG,0.0,0.0,en,1.9
Associated Press,Associated Press,ORG,0.43353174603174593,0.6825396825396824,en,1.8000000000000003
Paramount,Paramount,ORG,-0.11111111111111113,0.16666666666666666,en,1.8
Swinburne University of Technology/,Swinburne University of Technology/,ORG,0.7647058823529412,0.36764705882352944,en,1.7
Emergency Communications Coordinator,Emergency Communications Coordinator,ORG,-0.08403361344537814,0.058823529411764705,en,1.7
the Pixel Watch,the Pixel Watch,ORG,0.26737967914438504,0.26737967914438504,en,1.7
API,API,ORG,0.0,0.0,en,1.7
The Daily Signal,The Daily Signal,ORG,0.18487394957983197,0.18487394957983197,en,1.7
the National Weather Service,the National Weather Service,ORG,0.25490196078431376,0.2173202614379085,en,1.7
Memorial Healthcare System,Memorial Healthcare System,ORG,0.0,0.0849673202614379,en,1.7
Fresh Meals Daily,Fresh Meals Daily,ORG,-0.10600490196078433,0.19454656862745098,en,1.7
GSDMA,GSDMA,ORG,0.006535947712418301,0.013071895424836602,en,1.7
Enviro Creators,Enviro Creators,ORG,0.006535947712418301,0.013071895424836602,en,1.7
Antakya Cooks,Antakya Cooks,ORG,0.14705882352941177,0.19607843137254902,en,1.7
IIFL Foundation Partners,IIFL Foundation Partners,ORG,0.006535947712418301,0.013071895424836602,en,1.7
Texas Senate,Texas Senate,ORG,0.18487394957983197,0.18487394957983197,en,1.7
Health,Health,ORG,0.0,0.38235294117647056,en,1.7
International Amateur Radio Union,International Amateur Radio Union,ORG,-0.08403361344537814,0.058823529411764705,en,1.7
Renaissance,Renaissance,ORG,0.0,0.14705882352941177,en,1.7
Flee Colombia After Disastrous Presidential Term,Flee Colombia After Disastrous Presidential Term,ORG,-0.5441176470588235,0.3333333333333333,en,1.7
Bayern Munich,Bayern Munich,ORG,0.19301470588235295,0.0,en,1.7
Medellín,Medellín,ORG,0.08823529411764708,0.4411764705882353,en,1.7
Hezbollah,Hezbollah,ORG,-0.06372549019607844,0.0,en,1.7
UPSC,UPSC,ORG,0.0,0.125,en,1.6
FAA,FAA,ORG,0.11115056818181819,0.125,en,1.6
World of Warcraft charity,World of Warcraft charity,ORG,0.31881764069264074,0.5464556277056277,en,1.6
House,House,ORG,0.3278409090909091,0.6303030303030303,en,1.6
The National Disaster Management Agency,The National Disaster Management Agency,ORG,-0.125,0.125,en,1.6
CEB,CEB,ORG,-0.05357142857142857,0.32142857142857145,en,1.6
Media Center,Media Center,ORG,-0.18750000000000003,0.125,en,1.6
AAP,AAP,ORG,0.16666666666666669,0.2708333333333333,en,1.5999999999999999
Kendrick Rule Musics,Kendrick Rule Musics,ORG,0.1904761904761905,0.2857142857142857,en,1.4
Woman Miscarriage After Assault,Woman Miscarriage After Assault,ORG,0.1904761904761905,0.2857142857142857,en,1.4
Hamas,Hamas,ORG,0.23076923076923067,1.423076923076923,en,1.3000000000000003
Java,Java,ORG,1.269230769230769,2.0769230769230766,en,1.3000000000000003
AusAlert,AusAlert,ORG,0.30506993006993005,0.22843822843822845,en,1.3
Georgia Tech's,Georgia Tech's,ORG,-0.07692307692307698,0.3846153846153846,en,1.3
FIR,FIR,ORG,0.0,0.0,en,1.3
Mayau,Mayau,ORG,0.1794871794871795,0.25,en,1.3
PIB,PIB,ORG,0.22179487179487178,0.30128205128205127,en,1.3
ZachXBT,ZachXBT,ORG,0.0,0.0,en,1.3
the Council of Europe Development Bank,the Council of Europe Development Bank,ORG,-0.06593406593406594,0.19780219780219782,en,1.3
California Trump's,California Trump's,ORG,0.1923076923076923,0.07692307692307693,en,1.3
Trump Marine,Trump Marine,ORG,0.1923076923076923,0.07692307692307693,en,1.3
UNFPA,UNFPA,ORG,0.01282051282051282,0.0,en,1.3
Congress,Congress,ORG,0.10489510489510488,0.7692307692307692,en,1.3
Princeton,Princeton,ORG,0.3846153846153846,0.3846153846153846,en,1.3
Treasury,Treasury,ORG,0.15934065934065933,0.1923076923076923,en,1.3
IRS,IRS,ORG,0.1923076923076923,0.1923076923076923,en,1.3
GST,GST,ORG,0.11979166666666664,0.7812499999999999,en,1.2000000000000002
Kalmaegi,Kalmaegi,ORG,0.04285714285714286,0.5375,en,1.2000000000000002
McEWEN,McEWEN,ORG,-0.125,0.9166666666666666,en,1.2000000000000002
The Conversation New Zealand,The Conversation New Zealand,ORG,0.2651515151515151,0.505050505050505,en,1.2000000000000002
Alpha Structural,Alpha Structural,ORG,0.27777777777777785,0.36458333333333337,en,1.2
SUV,SUV,ORG,0.11363636363636363,0.3787878787878788,en,1.2
PvP,PvP,ORG,0.0,0.0,en,1.2
MG Majestor,MG Majestor,ORG,0.47348484848484845,0.6060606060606061,en,1.2
Porsche,Porsche,ORG,0.1239669421487603,0.4132231404958677,en,1.1
Daily Press Briefing,Daily Press Briefing,ORG,0.0,0.0,en,1.1
the Office of the Spokesperson,the Office of the Spokesperson,ORG,0.0,0.0,en,1.1
the Juan de Fuca Plate,the Juan de Fuca Plate,ORG,0.21212121212121207,0.303030303030303,en,1.1
the Political Action Committee,the Political Action Committee,ORG,0.21212121212121207,0.13636363636363635,en,1.1
Chunghwa Telecom,Chunghwa Telecom,ORG,0.5113636363636364,0.6818181818181818,en,1.1
TGFM,TGFM,ORG,0.0,0.0,en,1.1
TIFFCOM,TIFFCOM,ORG,0.0,0.0,en,1.1
New Zealand Herald,New Zealand Herald,ORG,0.16528925619834708,0.27548209366391185,en,1.1
TNI,TNI,ORG,-0.0606060606060606,0.0303030303030303,en,1.1
the Indonesian National Armed Forces,the Indonesian National Armed Forces,ORG,-0.0606060606060606,0.0303030303030303,en,1.1
the White House,the White House,ORG,-0.2929292929292929,0.51010101010101,en,1.1
CSW,CSW,ORG,-0.04261363636363636,0.10064935064935063,en,1.1
COVID,COVID,ORG,-0.17045454545454544,0.317550505050505,en,1.1
Los Angeles Times,Los Angeles Times,ORG,0.0,0.0,en,1.1
Ethnic Armed Organizations,Ethnic Armed Organizations,ORG,-0.18181818181818182,0.09090909090909091,en,1.1
Godzilla Day,Godzilla Day,ORG,-0.22727272727272727,0.3409090909090909,en,1.1
Imperial Forum,Imperial Forum,ORG,-0.07575757575757576,0.101010101010101,en,1.1
ABC,ABC,ORG,0.0075757575757575794,0.0,en,1.1
The Bad News Bears,The Bad News Bears,ORG,-0.6590909090909088,0.6035353535353535,en,1.1
National Centre of Seismology,National Centre of Seismology,ORG,0.0,0.0,en,1.0
The Nigerian Geological Survey Agency,The Nigerian Geological Survey Agency,ORG,0.0,0.0,en,1.0
"Kumamoto -
 Fifteen","Kumamoto -
 Fifteen",ORG,0.04545454545454545,0.0,en,1.0
Operation Southern Spear,Operation Southern Spear,ORG,0.05656565656565656,0.0,en,1.0
Truth Social,Truth Social,ORG,0.05656565656565656,0.0,en,1.0
7.2-,7.2-,ORG,0.5,0.0,en,1.0
National Disaster ...,National Disaster ...,ORG,-0.15,0.0,en,1.0
Plan International,Plan International,ORG,0.05,0.0,en,1.0
Mental,Mental,ORG,-0.05,0.0,en,1.0
National Disaster Mitigation Agency,National Disaster Mitigation Agency,ORG,-0.15,0.0,en,1.0
oppure scegliere,oppure scegliere,ORG,0.0,0.0,en,1.0
Columbia University,Columbia University,ORG,-0.0625,0.0,en,1.0
Navy Federal Credit Union,Navy Federal Credit Union,ORG,0.0,0.0,en,1.0
the Federal Capital Territory,the Federal Capital Territory,ORG,0.3,0.0,en,1.0
ARRL,ARRL,ORG,-0.07142857142857142,0.0,en,1.0
Cajon Pass,Cajon Pass,ORG,0.3,0.0,en,1.0
Church,Church,ORG,0.0,0.0,en,1.0
University of Melbourne,University of Melbourne,ORG,-0.26666666666666666,0.0,en,1.0
Secret Service,Secret Service,ORG,0.31666666666666665,0.0,en,1.0
ANSA,ANSA,ORG,0.0,0.0,en,1.0
thousa,thousa,ORG,-0.16666666666666666,0.0,en,1.0
ColombiaIt,ColombiaIt,ORG,0.06666666666666667,0.0,en,1.0
Le persone,Le persone,ORG,0.0,0.0,en,1.0
Caracol Radio,Caracol Radio,ORG,-0.16666666666666666,0.0,en,1.0
buildingsAP News Major,buildingsAP News Major,ORG,0.049810606060606055,0.0,en,1.0
Plan Intl,Plan Intl,ORG,-0.05,0.0,en,1.0
The Regional Disaster Mitigation Agency,The Regional Disaster Mitigation Agency,ORG,0.0,0.0,en,1.0
MEXC Foundation Supports Emergency Relief Initiative for Families Displaced,MEXC Foundation Supports Emergency Relief Initiative for Families Displaced,ORG,0.0,0.0,en,1.0
Hall,Hall,ORG,-0.17500000000000002,0.0,en,1.0
MEXC,MEXC,ORG,0.1625,0.0,en,1.0
‌people,‌people,ORG,0.04375,0.0,en,1.0
The U.S. Geological Sur,The U.S. Geological Sur,ORG,0.0,0.0,en,1.0
seismic-mcp,seismic-mcp,ORG,0.0,0.0,en,1.0
MEXC Foundation,MEXC Foundation,ORG,0.1625,0.0,en,1.0
communiti,communiti,ORG,-0.1,0.0,en,1.0
INGV,INGV,ORG,0.0,0.0,en,1.0
Nasa,Nasa,ORG,-0.04,0.0,en,1.0
The Democratic Party's,The Democratic Party's,ORG,0.0,0.0,en,1.0
Dolly,Dolly,ORG,0.7,0.0,en,1.0
GeoNet,GeoNet,ORG,0.0,0.0,en,1.0
kottke.org,kottke.org,ORG,0.0,0.0,en,1.0
Gabriola Fire Department,Gabriola Fire Department,ORG,-0.25,0.0,en,1.0
Tennessean Travel Stop,Tennessean Travel Stop,ORG,0.7,0.0,en,1.0
Gabriola fire department,Gabriola fire department,ORG,0.375,0.0,en,1.0
the Democratic Party,the Democratic Party,ORG,0.0,0.0,en,1.0
RoadCredit,RoadCredit,ORG,0.2,0.0,en,1.0
ABC NEWS Verify,ABC NEWS Verify,ORG,0.0,0.0,en,1.0
magnitude-9,magnitude-9,ORG,0.023333333333333317,0.0,en,1.0
Android Earthquake Alerts Notify Thousands Of Users Ahead Of Twin Tremors,Android Earthquake Alerts Notify Thousands Of Users Ahead Of Twin Tremors,ORG,0.0,0.0,en,1.0
IARU,IARU,ORG,-0.07142857142857142,0.0,en,1.0
Western NSW,Western NSW,ORG,0.0,0.0,en,1.0
The Unseen Reality of Kumamoto Quake Survivors,The Unseen Reality of Kumamoto Quake Survivors,ORG,0.0,0.0,en,1.0
AEST,AEST,ORG,0.0,0.0,en,1.0
the Cajon Pass,the Cajon Pass,ORG,0.0,0.0,en,1.0
Fault Lines,Fault Lines,ORG,-0.6,0.0,en,1.0
Shree Garma School,Shree Garma School,ORG,-0.05999999999999996,0.0,en,1.0
the California Institute of Technology,the California Institute of Technology,ORG,0.016666666666666666,0.0,en,1.0
FloridaYahoo,FloridaYahoo,ORG,0.10952380952380951,0.0,en,1.0
Zoomlion Mobilizes Emergency Equipment and Personnel for Colombia Earthquake Relief,Zoomlion Mobilizes Emergency Equipment and Personnel for Colombia Earthquake Relief,ORG,0.0,0.0,en,1.0
Volcano Observatory,Volcano Observatory,ORG,0.03333333333333333,0.0,en,1.0
House of Representatives,House of Representatives,ORG,0.0,0.0,en,1.0
the Disaster-Safe Education,the Disaster-Safe Education,ORG,0.0,0.0,en,1.0
SP,SP,ORG,0.0,0.0,en,1.0
the Great Pyramid of Giza Survive Earthquakes,the Great Pyramid of Giza Survive Earthquakes,ORG,0.4681818181818182,0.0,en,1.0
Indonesia&rsquo;s House of Representatives,Indonesia&rsquo;s House of Representatives,ORG,0.0,0.0,en,1.0
Egypts Great Pyramid,Egypts Great Pyramid,ORG,0.8,0.0,en,1.0
EarthquakesGreek,EarthquakesGreek,ORG,0.8,0.0,en,1.0
​Maui,​Maui,ORG,-0.1,0.0,en,1.0
​miles,​miles,ORG,-0.1,0.0,en,1.0
Prabowo,Prabowo,ORG,0.0,0.0,en,1.0
HONAUNAU,HONAUNAU,ORG,-0.05,0.0,en,1.0
The National Search and Rescue Agency,The National Search and Rescue Agency,ORG,0.0,0.0,en,1.0
Acco,Acco,ORG,0.0,0.0,en,1.0
Indonesia&rsquo;s Coordinating Ministry for Human Development and Culture,Indonesia&rsquo;s Coordinating Ministry for Human Development and Culture,ORG,0.04,0.0,en,1.0
Geosceince Australia,Geosceince Australia,ORG,0.0,0.0,en,1.0
Coordinating Ministry for Human Development and Culture,Coordinating Ministry for Human Development and Culture,ORG,0.04,0.0,en,1.0
Cabinet,Cabinet,ORG,0.0,0.0,en,1.0
Great Pyramid's,Great Pyramid's,ORG,0.16666666666666666,0.0,en,1.0
Monash University & Scott Menegon,Monash University & Scott Menegon,ORG,0.65,0.0,en,1.0
ScienceTags,ScienceTags,ORG,0.65,0.0,en,1.0
Monash University &amp,Monash University &amp,ORG,0.65,0.0,en,1.0
GOLD DE Forum Binoche,GOLD DE Forum Binoche,ORG,0.0,0.0,en,1.0
GOLD DE Forum,GOLD DE Forum,ORG,0.45,0.0,en,1.0
KatRisk Announces Agreement,KatRisk Announces Agreement,ORG,0.0,0.0,en,1.0
Join Verisk Model Exchange,Join Verisk Model Exchange,ORG,0.0,0.0,en,1.0
the Catastrophe Risk Modeling Ecosystem,the Catastrophe Risk Modeling Ecosystem,ORG,0.0,0.0,en,1.0
accelera,accelera,ORG,0.0,0.0,en,1.0
Verisk Model Exchange,Verisk Model Exchange,ORG,0.125,0.0,en,1.0
Independence DayNBC News World,Independence DayNBC News World,ORG,0.1388888888888889,0.0,en,1.0
Great Pyramid,Great Pyramid,ORG,0.2565656565656566,0.0,en,1.0
Korean War,Korean War,ORG,0.1388888888888889,0.0,en,1.0
Indonesia&#39;s Ministry of Social Affairs,Indonesia&#39;s Ministry of Social Affairs,ORG,0.03333333333333333,0.0,en,1.0
VietnamYahoo,VietnamYahoo,ORG,0.22999999999999998,0.0,en,1.0
the Tokyo Skytree,the Tokyo Skytree,ORG,-0.1,0.0,en,1.0
the Tokyo Skytree's,the Tokyo Skytree's,ORG,0.2,0.0,en,1.0
The Tokyo Skytree,The Tokyo Skytree,ORG,0.2,0.0,en,1.0
Amata,Amata,ORG,-0.1,0.0,en,1.0
Amami,Amami,ORG,0.4333333333333333,0.0,en,1.0
National Research Institute,National Research Institute,ORG,0.0,0.0,en,1.0
The U.S Geologic,The U.S Geologic,ORG,0.0,0.0,en,1.0
Asian Games Plans Evacuation Measures,Asian Games Plans Evacuation Measures,ORG,0.0,0.0,en,1.0
Nestle,Nestle,ORG,0.25,0.0,en,1.0
Massie,Massie,ORG,0.25,0.0,en,1.0
Shostakovichs String Quartets,Shostakovichs String Quartets,ORG,-0.09166666666666665,0.0,en,1.0
Dead Language Society,Dead Language Society,ORG,-0.09166666666666665,0.0,en,1.0
the Technological University of Chocó,the Technological University of Chocó,ORG,0.0,0.0,en,1.0
Android Auto,Android Auto,ORG,0.11818181818181818,0.0,en,1.0
Google Built,Google Built,ORG,0.11818181818181818,0.0,en,1.0
Volvo,Volvo,ORG,0.05,0.0,en,1.0
LAMBA LEDA,LAMBA LEDA,ORG,0.04285714285714286,0.0,en,1.0
magnitude-3.5,magnitude-3.5,ORG,0.0,0.0,en,1.0
Monto,Monto,ORG,0.0,0.0,en,1.0
USIsraeli,USIsraeli,ORG,0.0,0.0,en,1.0
The Great Pyramid Has,The Great Pyramid Has,ORG,0.8,0.0,en,1.0
Indonesia&#39;s disaster management agency,Indonesia&#39;s disaster management agency,ORG,0.06666666666666668,0.0,en,1.0
Independence DayNBC News Indonesia,Independence DayNBC News Indonesia,ORG,0.20833333333333334,0.0,en,1.0
Independence DayAP News Search,Independence DayAP News Search,ORG,0.20833333333333334,0.0,en,1.0
the Great Pyramid of Khufu,the Great Pyramid of Khufu,ORG,0.8,0.0,en,1.0
Ministry of Social Affairs,Ministry of Social Affairs,ORG,0.03333333333333333,0.0,en,1.0
Tenggara,Tenggara,ORG,0.0,0.0,en,1.0
Yearn,Yearn,ORG,0.09999999999999998,0.0,en,1.0
Iraola,Iraola,ORG,0.16666666666666666,0.0,en,1.0
Digos,Digos,ORG,0.0,0.0,en,1.0
The National Weather Service,The National Weather Service,ORG,0.0,0.0,en,1.0
the National Disaster Management Agenc,the National Disaster Management Agenc,ORG,0.0,0.0,en,1.0
Indonesias Meteorology,Indonesias Meteorology,ORG,0.0,0.0,en,1.0
Penn Station,Penn Station,ORG,0.0031221303948576677,0.0,en,1.0
Disney World,Disney World,ORG,0.4,0.0,en,1.0
the National Disaster Mitigation Agency,the National Disaster Mitigation Agency,ORG,0.15000000000000002,0.0,en,1.0
Mass Attraction Inspections After Confirmed Earthquake,Mass Attraction Inspections After Confirmed Earthquake,ORG,0.4,0.0,en,1.0
National Weather Service,National Weather Service,ORG,0.0,0.0,en,1.0
SANTOS,SANTOS,ORG,-0.04375,0.0,en,1.0
Congressional,Congressional,ORG,0.2,0.0,en,1.0
N.L.,N.L.,ORG,0.0,0.0,en,1.0
hom… Rescuers,hom… Rescuers,ORG,-0.13333333333333333,0.0,en,1.0
UPSC Weekly Concepts Snapshot,UPSC Weekly Concepts Snapshot,ORG,0.0,0.0,en,1.0
Huawei,Huawei,ORG,-0.2,0.0,en,1.0
"Technology Co., Ltd.","Technology Co., Ltd.",ORG,-0.2,0.0,en,1.0
Maruti Suzuki,Maruti Suzuki,ORG,0.3035714285714286,0.0,en,1.0
The UPSC Civil Services Examination,The UPSC Civil Services Examination,ORG,0.0,0.0,en,1.0
Futurism,Futurism,ORG,0.25,0.0,en,1.0
Zoomlion Heavy Industry Science &amp,Zoomlion Heavy Industry Science &amp,ORG,-0.2,0.0,en,1.0
Honey,Honey,ORG,0.225,0.0,en,1.0
"Zoomlion Heavy Industry Science & Technology Co., Ltd.","Zoomlion Heavy Industry Science & Technology Co., Ltd.",ORG,-0.2,0.0,en,1.0
The Supreme Court’s Pending Decision,The Supreme Court’s Pending Decision,ORG,0.0,0.0,en,1.0
the Haitian Support Center,the Haitian Support Center,ORG,-0.1,0.0,en,1.0
Mother Jones Daily,Mother Jones Daily,ORG,0.2,0.0,en,1.0
sayEuronews.com Church Coordinates Relief Efforts,sayEuronews.com Church Coordinates Relief Efforts,ORG,0.3055555555555556,0.0,en,1.0
metresThe Guardian Church Coordinates Relief Efforts,metresThe Guardian Church Coordinates Relief Efforts,ORG,0.15,0.0,en,1.0
magnitude-2.9,magnitude-2.9,ORG,0.0,0.0,en,1.0
Philippines Catholic Church,Philippines Catholic Church,ORG,0.075,0.0,en,1.0
The national disaster management agency,The national disaster management agency,ORG,-0.3,0.0,en,1.0
National Disaster M,National Disaster M,ORG,0.6,0.0,en,1.0
National Search and Rescue Agency,National Search and Rescue Agency,ORG,0.0,0.0,en,1.0
designboom | architecture & design ma,designboom | architecture & design ma,ORG,0.19318181818181818,0.0,en,1.0
BBC News,BBC News,ORG,0.3,0.0,en,1.0
SIKKA,SIKKA,ORG,-0.3,0.0,en,1.0
Infobae,Infobae,ORG,-0.06666666666666667,0.0,en,1.0
PLN,PLN,ORG,0.0,0.0,en,1.0
Georgia Tech,Georgia Tech,ORG,-0.875,0.0,en,1.0
College baseball's,College baseball's,ORG,-0.25,0.0,en,1.0
UCLA,UCLA,ORG,0.0,0.0,en,1.0
KAHALUU-KEAUHOU,KAHALUU-KEAUHOU,ORG,0.0,0.0,en,1.0
4.47pm ET,4.47pm ET,ORG,-0.16666666666666666,0.0,en,1.0
Liverpool FCCan,Liverpool FCCan,ORG,0.4166666666666667,0.0,en,1.0
RUTENG,RUTENG,ORG,0.3,0.0,en,1.0
Tourism Ministry,Tourism Ministry,ORG,0.0,0.0,en,1.0
"Universal
Universal Location Suffers Earthquake
","Universal
Universal Location Suffers Earthquake
",ORG,-0.19999999999999998,0.0,en,1.0
The Philippine Institute of Volcanology and Seismology,The Philippine Institute of Volcanology and Seismology,ORG,0.05000000000000002,0.0,en,1.0
Monda,Monda,ORG,0.0,0.0,en,1.0
SpaceX,SpaceX,ORG,0.25,0.0,en,1.0
the Philippine Coast Guard,the Philippine Coast Guard,ORG,0.0,0.0,en,1.0
Coast Guard,Coast Guard,ORG,0.0,0.0,en,1.0
Tsunami Advisory Issued Along Pacific Coast After Powerful Earthquake Near,Tsunami Advisory Issued Along Pacific Coast After Powerful Earthquake Near,ORG,0.2,0.0,en,1.0
"the Japan Met… TOKYO -
 A","the Japan Met… TOKYO -
 A",ORG,0.13999999999999999,0.0,en,1.0
Office of Civil Defence,Office of Civil Defence,ORG,0.0,0.0,en,1.0
hG51Z8ENq,hG51Z8ENq,ORG,0.3,0.0,en,1.0
Indonesia&#39;s Tourism Ministry,Indonesia&#39;s Tourism Ministry,ORG,0.0,0.0,en,1.0
CNBC,CNBC,ORG,0.8,0.0,en,1.0
Ground,Ground,ORG,0.0,0.0,en,1.0
BASARNAS,BASARNAS,ORG,0.0,0.0,en,1.0
SCOTUS,SCOTUS,ORG,0.0,0.0,en,1.0
The International Monetary Fund,The International Monetary Fund,ORG,0.0,0.0,en,1.0
the Supreme Court,the Supreme Court,ORG,0.0,0.0,en,1.0
Dynamic Tectonics,Dynamic Tectonics,ORG,0.1375,0.0,en,1.0
ISRO,ISRO,ORG,0.0,0.0,en,1.0
Bellingcat,Bellingcat,ORG,-0.006060606060606067,0.0,en,1.0
ZAKA,ZAKA,ORG,-1.0,0.0,en,1.0
ZAKA Search & Rescue,ZAKA Search & Rescue,ORG,0.0,0.0,en,1.0
ZAKA Search &amp,ZAKA Search &amp,ORG,-0.037500000000000006,0.0,en,1.0
the Ministry for Europe and Foreign Affairs',the Ministry for Europe and Foreign Affairs',ORG,-0.041666666666666664,0.0,en,1.0
Bambu Lab Announces,Bambu Lab Announces,ORG,0.0,0.0,en,1.0
Charity Fundraiser,Charity Fundraiser,ORG,0.0,0.0,en,1.0
Texas Panhandle Shaken,Texas Panhandle Shaken,ORG,0.0,0.0,en,1.0
Nieman Journalism Lab,Nieman Journalism Lab,ORG,0.0,0.0,en,1.0
Nieman Foundation,Nieman Foundation,ORG,0.0,0.0,en,1.0
The Venezuelan Episcopal Conference,The Venezuelan Episcopal Conference,ORG,0.15,0.0,en,1.0
Harvard,Harvard,ORG,0.0,0.0,en,1.0
the World Bank,the World Bank,ORG,-0.18333333333333335,0.0,en,1.0
USDC,USDC,ORG,-0.46875,0.0,en,1.0
Texas Panhandle,Texas Panhandle,ORG,0.06666666666666667,0.0,en,1.0
Venez,Venez,ORG,-0.46875,0.0,en,1.0
Spearman,Spearman,ORG,0.0,0.0,en,1.0
Sci.10,Sci.10,ORG,0.0,0.0,en,1.0
Freddie Ponton21st Century,Freddie Ponton21st Century,ORG,0.0,0.0,en,1.0
Freddie Ponton21st Century Wire,Freddie Ponton21st Century Wire,ORG,0.0,0.0,en,1.0
the Los Angeles Dodgers,the Los Angeles Dodgers,ORG,-0.4,0.0,en,1.0
Dodger Stadium,Dodger Stadium,ORG,0.0,0.0,en,1.0
Global Times,Global Times,ORG,-0.016666666666666666,0.0,en,1.0
Papel &amp,Papel &amp,ORG,0.325,0.0,en,1.0
Noguera,Noguera,ORG,-0.15000000000000002,0.0,en,1.0
the U.S. Embassy,the U.S. Embassy,ORG,0.15999999999999998,0.0,en,1.0
Applied Geology and Natural Disaster M,Applied Geology and Natural Disaster M,ORG,0.1375,0.0,en,1.0
First Onsite Property Restoration,First Onsite Property Restoration,ORG,-0.125,0.0,en,1.0
https://www.dailymail.com/sciencetech/article-16011619/experimental-explosion-florida-coast-navy.htmlDialy Mail,https://www.dailymail.com/sciencetech/article-16011619/experimental-explosion-florida-coast-navy.htmlDialy Mail,ORG,0.0,0.0,en,1.0
First Onsite,First Onsite,ORG,-0.125,0.0,en,1.0
Oval Office,Oval Office,ORG,0.26666666666666666,0.0,en,1.0
Auckland Airport,Auckland Airport,ORG,0.0,0.0,en,1.0
Bloomberg) Excavators,Bloomberg) Excavators,ORG,-0.13333333333333333,0.0,en,1.0
Aut,Aut,ORG,0.0,0.0,en,1.0
Kumamoto Prefecture,Kumamoto Prefecture,ORG,0.03571428571428571,0.0,en,1.0
TERNATE,TERNATE,ORG,0.0,0.0,en,1.0
Fire and Disaster Management Agency,Fire and Disaster Management Agency,ORG,-0.014166666666666666,0.0,en,1.0
Mercosur,Mercosur,ORG,-0.2,0.0,en,1.0
Lochaber,Lochaber,ORG,-0.25,0.0,en,1.0
Yatsushiro Seas,Yatsushiro Seas,ORG,0.0,0.0,en,1.0
The Tortuous Road After,The Tortuous Road After,ORG,0.0,0.0,en,1.0
MTVRs,MTVRs,ORG,-0.10000000000000002,0.0,en,1.0
The USS Fort Lauderdale,The USS Fort Lauderdale,ORG,0.0,0.0,en,1.0
Marine Corps Medium Tactical Vehicle Replacements,Marine Corps Medium Tactical Vehicle Replacements,ORG,-0.03333333333333333,0.0,en,1.0
CARABALLEDEA,CARABALLEDEA,ORG,0.10208333333333332,0.0,en,1.0
Ariake,Ariake,ORG,0.0,0.0,en,1.0
Pfizer HQ Evacuation Puts Office Conversions Under Structural Scrutiny,Pfizer HQ Evacuation Puts Office Conversions Under Structural Scrutiny,ORG,0.0,0.0,en,1.0
Marianyi Bastidas,Marianyi Bastidas,ORG,-0.25,0.0,en,1.0
Far Eastern Federal University,Far Eastern Federal University,ORG,0.11212121212121212,0.0,en,1.0
FEFU,FEFU,ORG,0.11212121212121212,0.0,en,1.0
WAVFile,WAVFile,ORG,0.2853333333333333,0.0,en,1.0
Lifestyle,Lifestyle,ORG,0.2111111111111111,0.0,en,1.0
Sisu,Sisu,ORG,0.125,0.0,en,1.0
Yankees,Yankees,ORG,0.0,0.0,en,1.0
Los Angeles Dodgers,Los Angeles Dodgers,ORG,-0.06666666666666667,0.0,en,1.0
the FIFA Global Citizen Education Fund's,the FIFA Global Citizen Education Fund's,ORG,0.0,0.0,en,1.0
Doral Facility Becomes Relief Hub for,Doral Facility Becomes Relief Hub for,ORG,0.0,0.0,en,1.0
Amazon Supports Weekly Humanitarian Relief Flights,Amazon Supports Weekly Humanitarian Relief Flights,ORG,0.0,0.0,en,1.0
MAIQUETIA,MAIQUETIA,ORG,-0.2111111111111111,0.0,en,1.0
PUSLO,PUSLO,ORG,0.10909090909090909,0.0,en,1.0
Fundación,Fundación,ORG,0.10909090909090909,0.0,en,1.0
Fox News Digital,Fox News Digital,ORG,0.025,0.0,en,1.0
News 12's,News 12's,ORG,0.6,0.0,en,1.0
Modular,Modular,ORG,0.0,0.0,en,1.0
Vernacular Architecture,Vernacular Architecture,ORG,0.0,0.0,en,1.0
"Image © Rural Urban Framework
","Image © Rural Urban Framework
",ORG,0.020833333333333332,0.0,en,1.0
The Department of Foreign Affairs,The Department of Foreign Affairs,ORG,0.0625,0.0,en,1.0
Breitbart News,Breitbart News,ORG,-0.06666666666666667,0.0,en,1.0
Breit,Breit,ORG,-0.06666666666666667,0.0,en,1.0
eruptionDaily Mail,eruptionDaily Mail,ORG,0.1,0.0,en,1.0
the Land of the Rising Sun,the Land of the Rising Sun,ORG,0.0,0.0,en,1.0
the National Emergency Management Agency,the National Emergency Management Agency,ORG,0.0,0.0,en,1.0
the United Nations,the United Nations,ORG,0.26666666666666666,0.0,en,1.0
Daniel,Daniel,ORG,0.0,0.0,en,1.0
Indiablooms - First Portal,Indiablooms - First Portal,ORG,0.08333333333333333,0.0,en,1.0
Digital News Management,Digital News Management,ORG,0.08333333333333333,0.0,en,1.0
Digital News Agency,Digital News Agency,ORG,-0.1,0.0,en,1.0
Breaking News,Breaking News,ORG,-0.1,0.0,en,1.0
LIMA,LIMA,ORG,-0.15,0.0,en,1.0
Jazeera Venezuela Earthquakes Force a Grim Homecoming,Jazeera Venezuela Earthquakes Force a Grim Homecoming,ORG,-0.09116161616161618,0.0,en,1.0
MigrantsThe New York Times Death,MigrantsThe New York Times Death,ORG,-0.09116161616161618,0.0,en,1.0
Shahrak-e Klr,Shahrak-e Klr,ORG,0.0,0.0,en,1.0
MigrantsThe New York Times,MigrantsThe New York Times,ORG,-0.11174242424242424,0.0,en,1.0
alertCBS News,alertCBS News,ORG,0.3,0.0,en,1.0
Shahrak-e Kūlūrī,Shahrak-e Kūlūrī,ORG,0.0,0.0,en,1.0
"CBS News
","CBS News
",ORG,0.3,0.0,en,1.0
the International Monetary Fund,the International Monetary Fund,ORG,0.0,0.0,en,1.0
reportedABC News - Breaking News,reportedABC News - Breaking News,ORG,0.11708333333333334,0.0,en,1.0
KAI,KAI,ORG,0.5,0.0,en,1.0
NTUA,NTUA,ORG,-0.2,0.0,en,1.0
KABC,KABC,ORG,-0.35000000000000003,0.0,en,1.0
Associas,Associas,ORG,0.0,0.0,en,1.0
Frozen Gold Assets for Earthquake Relief,Frozen Gold Assets for Earthquake Relief,ORG,0.0,0.0,en,1.0
WSJ,WSJ,ORG,0.3055555555555556,0.0,en,1.0
"the German Research
Centre for Geosciences (GFZ","the German Research
Centre for Geosciences (GFZ",ORG,0.0,0.0,en,1.0
affe… Broward County's,affe… Broward County's,ORG,0.0,0.0,en,1.0
CATIA LA MAR,CATIA LA MAR,ORG,0.15,0.0,en,1.0
nongove,nongove,ORG,0.15,0.0,en,1.0
IOM Airlifts Core Relief Items,IOM Airlifts Core Relief Items,ORG,0.0,0.0,en,1.0
Cleveland Guardians Players Go To Bat For Venezuelan Earthquake Fund,Cleveland Guardians Players Go To Bat For Venezuelan Earthquake Fund,ORG,0.0,0.0,en,1.0
GAA,GAA,ORG,0.19166666666666665,0.0,en,1.0
Perus National Seismological Center,Perus National Seismological Center,ORG,-0.1,0.0,en,1.0
"International Organization for Migration
","International Organization for Migration
",ORG,0.0,0.0,en,1.0
Associa Cares Earmarks,Associa Cares Earmarks,ORG,0.0,0.0,en,1.0
Historic Sites,Historic Sites,ORG,0.0,0.0,en,1.0
Global Citizen Fund,Global Citizen Fund,ORG,0.0,0.0,en,1.0
Air Force,Air Force,ORG,-0.03333333333333333,0.0,en,1.0
FAQ,FAQ,ORG,0.0,0.0,en,1.0
Grande Prairie,Grande Prairie,ORG,0.2,0.0,en,1.0
Alta,Alta,ORG,0.2,0.0,en,1.0
govt,govt,ORG,0.0,0.0,en,1.0
the Catholic Archdiocese of Armagh,the Catholic Archdiocese of Armagh,ORG,0.0,0.0,en,1.0
the Church of Ireland,the Church of Ireland,ORG,0.0,0.0,en,1.0
PT Kereta,PT Kereta,ORG,0.36,0.0,en,1.0
Cianjur,Cianjur,ORG,0.36,0.0,en,1.0
the National Center for Seismolog,the National Center for Seismolog,ORG,-0.1,0.0,en,1.0
The National … Imphal:,The National … Imphal:,ORG,0.0,0.0,en,1.0
​After,​After,ORG,0.0,0.0,en,1.0
Emergency Medical Team,Emergency Medical Team,ORG,-0.15,0.0,en,1.0
logis… Press,logis… Press,ORG,-0.04,0.0,en,1.0
"MEGAN JANETSKY
","MEGAN JANETSKY
",ORG,-0.1,0.0,en,1.0
Nintendo Offering Free Hardware Repairs to Victims of,Nintendo Offering Free Hardware Repairs to Victims of,ORG,0.4,0.0,en,1.0
UPSC Prelims Exam,UPSC Prelims Exam,ORG,0.08833333333333335,0.0,en,1.0
Indian Express,Indian Express,ORG,0.08833333333333335,0.0,en,1.0
​have,​have,ORG,-0.12500000000000003,0.0,en,1.0
Daily Current Affairs,Daily Current Affairs,ORG,0.0,0.0,en,1.0
"UNICEF
","UNICEF
",ORG,0.125,0.0,en,1.0
Columbia,Columbia,ORG,-0.1,0.0,en,1.0
National Unit for Disaster Risk Management (,National Unit for Disaster Risk Management (,ORG,-0.1,0.0,en,1.0
IASbaba,IASbaba,ORG,0.0,0.0,en,1.0
the Red Cross…,the Red Cross…,ORG,0.13333333333333333,0.0,en,1.0
STYROFOAM,STYROFOAM,ORG,0.0,0.0,en,1.0
Styrofoam,Styrofoam,ORG,0.0,0.0,en,1.0
"Kumamoto -
 ","Kumamoto -
 ",ORG,0.0,0.0,en,1.0
socialist party,socialist party,ORG,-0.35,0.0,en,1.0
Real Madrid Foundation,Real Madrid Foundation,ORG,0.2,0.0,en,1.0
ABC News',ABC News',ORG,0.31212121212121213,0.0,en,1.0
T-Rex World Championship Races,T-Rex World Championship Races,ORG,0.0,0.0,en,1.0
Aisin,Aisin,ORG,0.0,0.0,en,1.0
The Real Madrid Foundation,The Real Madrid Foundation,ORG,0.04,0.0,en,1.0
Aeon Mall Explosion,Aeon Mall Explosion,ORG,0.0,0.0,en,1.0
BHISHM,BHISHM,ORG,0.0,0.0,en,1.0
Ryunosuke Animal Hospital,Ryunosuke Animal Hospital,ORG,0.3,0.0,en,1.0
The Indian Embassy,The Indian Embassy,ORG,0.0,0.0,en,1.0
BloFin,BloFin,ORG,0.1,0.0,en,1.0
Heezen,Heezen,ORG,0.0,0.0,en,1.0
Gwaelod-y-Garth,Gwaelod-y-Garth,ORG,0.0,0.0,en,1.0
Hard Rock International Mobilizes Immediate Meal Relief for,Hard Rock International Mobilizes Immediate Meal Relief for,ORG,-0.14583333333333334,0.0,en,1.0
Hard Rock Heals Foundation,Hard Rock Heals Foundation,ORG,-0.09010416666666668,0.0,en,1.0
Indian Air Force,Indian Air Force,ORG,0.0,0.0,en,1.0
Rodriguez,Rodriguez,ORG,0.0,0.0,en,1.0
Sony Semiconductor Solutions',Sony Semiconductor Solutions',ORG,0.15,0.0,en,1.0
the U.S. Department of State,the U.S. Department of State,ORG,-0.3,0.0,en,1.0
"VanShuyten
","VanShuyten
",ORG,0.3375,0.0,en,1.0
Globalist State Faces,Globalist State Faces,ORG,0.1,0.0,en,1.0
The U.S. Geological Survey l,The U.S. Geological Survey l,ORG,0.0,0.0,en,1.0
AP Photo/Javier CamposOn,AP Photo/Javier CamposOn,ORG,0.0,0.0,en,1.0
The National Unit for Disaster Risk Management,The National Unit for Disaster Risk Management,ORG,0.0,0.0,en,1.0
+3962,+3962,ORG,0.13636363636363635,0.0,en,1.0
Kumamoto General Hospital,Kumamoto General Hospital,ORG,-0.027777777777777762,0.0,en,1.0
Kraken,Kraken,ORG,0.21666666666666667,0.0,en,1.0
Venezuelan Civil Protection,Venezuelan Civil Protection,ORG,0.0,0.0,en,1.0
The 2026 Operational Readiness,The 2026 Operational Readiness,ORG,-0.1,0.0,en,1.0
OCHA,OCHA,ORG,-0.05,0.0,en,1.0
+4765,+4765,ORG,-0.05,0.0,en,1.0
Tata,Tata,ORG,0.0,0.0,en,1.0
dea,dea,ORG,0.0,0.0,en,1.0
KirtiChow,KirtiChow,ORG,-0.8,0.0,en,1.0
the UPSC Civil Services Examination,the UPSC Civil Services Examination,ORG,-0.8,0.0,en,1.0
POCSO,POCSO,ORG,-0.1,0.0,en,1.0
Apollo Hospitals,Apollo Hospitals,ORG,0.0,0.0,en,1.0
Honda,Honda,ORG,0.0,0.0,en,1.0
Edin Cricket League 2026,Edin Cricket League 2026,ORG,0.0,0.0,en,1.0
Mysuru,Mysuru,ORG,0.0,0.0,en,1.0
Tesla,Tesla,ORG,-0.4,0.0,en,1.0
mil… Venezuelan Civil Protection,mil… Venezuelan Civil Protection,ORG,0.0,0.0,en,1.0
Major League Baseball,Major League Baseball,ORG,0.03125,0.0,en,1.0
IMF,IMF,ORG,0.0,0.0,en,1.0
charity Serve On,charity Serve On,ORG,0.08,0.0,en,1.0
LAGUAIRA/CARACAS,LAGUAIRA/CARACAS,ORG,-0.145,0.0,en,1.0
Local Families HOLLYWOOD,Local Families HOLLYWOOD,ORG,-0.09010416666666668,0.0,en,1.0
Hard Rock International,Hard Rock International,ORG,-0.09010416666666668,0.0,en,1.0
the U.S. Geological Surveys,the U.S. Geological Surveys,ORG,0.4454545454545455,0.0,en,1.0
ShakeAlert,ShakeAlert,ORG,0.4454545454545455,0.0,en,1.0
ICE Flight Monitor,ICE Flight Monitor,ORG,0.0,0.0,en,1.0
The Associated Press,The Associated Press,ORG,-0.11000000000000001,0.0,en,1.0
"N… Kumamoto -
 Rescue","N… Kumamoto -
 Rescue",ORG,0.20000000000000004,0.0,en,1.0
The Conjunto Residencial Belo Horizonte,The Conjunto Residencial Belo Horizonte,ORG,0.16,0.0,en,1.0
World Vision,World Vision,ORG,-0.024999999999999994,0.0,en,1.0
Whoi,Whoi,ORG,-0.2,0.0,en,1.0
State Department,State Department,ORG,-0.025,0.0,en,1.0
"UN News
","UN News
",ORG,0.0,0.0,en,1.0
Aeon Mall Kumamoto,Aeon Mall Kumamoto,ORG,0.1,0.0,en,1.0
Sony Semiconductor Manufacturing,Sony Semiconductor Manufacturing,ORG,0.0,0.0,en,1.0
Braves,Braves,ORG,0.0,0.0,en,1.0
American Airlines,American Airlines,ORG,-0.07215909090909091,0.0,en,1.0
Catia la Mar,Catia la Mar,ORG,0.0,0.0,en,1.0
Demand Grows for Total End to US Sanctions,Demand Grows for Total End to US Sanctions,ORG,0.0,0.0,en,1.0
CARACASWhen U.S.,CARACASWhen U.S.,ORG,0.2,0.0,en,1.0
Venezuelas,Venezuelas,ORG,0.2,0.0,en,1.0
Mexicos Digital Platform,Mexicos Digital Platform,ORG,0.05,0.0,en,1.0
Micro,Micro,ORG,0.0,0.0,en,1.0
eBay,eBay,ORG,0.0,0.0,en,1.0
Google News,Google News,ORG,0.375,0.0,en,1.0
EBay,EBay,ORG,0.1,0.0,en,1.0
Fujifilm Evacuate Factory Workers,Fujifilm Evacuate Factory Workers,ORG,0.0,0.0,en,1.0
Pan American Health Organization,Pan American Health Organization,ORG,0.11666666666666665,0.0,en,1.0
PAHO,PAHO,ORG,0.11666666666666665,0.0,en,1.0
SHTF,SHTF,ORG,-0.25,0.0,en,1.0
+2121,+2121,ORG,0.0,0.0,en,1.0
the Nippon Paper Industries,the Nippon Paper Industries,ORG,0.0,0.0,en,1.0
"ttanni/Shutterstock
","ttanni/Shutterstock
",ORG,0.0,0.0,en,1.0
SoCal,SoCal,ORG,-0.1,0.0,en,1.0
UNOCHA - United Nations Office for the Coordination of Humanitarian Affairs,UNOCHA - United Nations Office for the Coordination of Humanitarian Affairs,ORG,-0.2,0.0,en,1.0
LFB,LFB,ORG,0.0,0.0,en,1.0
Hard Rock,Hard Rock,ORG,-0.09010416666666668,0.0,en,1.0
Local Families,Local Families,ORG,-0.09010416666666668,0.0,en,1.0
Catia la Mer,Catia la Mer,ORG,0.0,0.0,en,1.0
Sony Group Corp.,Sony Group Corp.,ORG,-0.014285714285714282,0.0,en,1.0
Venezuelas June,Venezuelas June,ORG,0.024242424242424232,0.0,en,1.0
"News O… KYUSHU -
 Kyushu Shinkansen","News O… KYUSHU -
 Kyushu Shinkansen",ORG,0.0,0.0,en,1.0
Kyushu Shinkansen Reopens Northern Section as Southern Damage Persists,Kyushu Shinkansen Reopens Northern Section as Southern Damage Persists,ORG,0.0,0.0,en,1.0
Apple Donating to,Apple Donating to,ORG,0.0,0.0,en,1.0
TNT,TNT,ORG,0.1,0.0,en,1.0
Catholic Church,Catholic Church,ORG,0.0,0.0,en,1.0
SJ,SJ,ORG,0.0,0.0,en,1.0
Jesuit Relief Services Venezuela,Jesuit Relief Services Venezuela,ORG,0.0,0.0,en,1.0
London Fire Brigade,London Fire Brigade,ORG,0.0,0.0,en,1.0
TSMC Evacuate,TSMC Evacuate,ORG,0.0,0.0,en,1.0
Sigue nuestra cobertura,Sigue nuestra cobertura,ORG,-0.15,0.0,en,1.0
World Central Kitchen Is Serving Hope,World Central Kitchen Is Serving Hope,ORG,0.0,0.0,en,1.0
Kumamoto Castle,Kumamoto Castle,ORG,-0.025,0.0,en,1.0
Satellite Technology Is,Satellite Technology Is,ORG,0.0,0.0,en,1.0
The World Health Organization,The World Health Organization,ORG,-0.05,0.0,en,1.0
SF Giants,SF Giants,ORG,0.25,0.0,en,1.0
"Heat, Outages and Shortages Deepen Kumamoto Quake Crisis","Heat, Outages and Shortages Deepen Kumamoto Quake Crisis",ORG,0.0,0.0,en,1.0
UNHCR - United Nations,UNHCR - United Nations,ORG,0.16,0.0,en,1.0
"Refugees
","Refugees
",ORG,0.16,0.0,en,1.0
U.S. Southern Command's,U.S. Southern Command's,ORG,0.0,0.0,en,1.0
Kashima,Kashima,ORG,0.5,0.0,en,1.0
Marine Expeditionary,Marine Expeditionary,ORG,0.0,0.0,en,1.0
Unity,Unity,ORG,0.2853333333333333,0.0,en,1.0
Christchurch stadium,Christchurch stadium,ORG,0.0,0.0,en,1.0
Pokemon,Pokemon,ORG,0.0,0.0,en,1.0
N… Aomori,N… Aomori,ORG,0.0,0.0,en,1.0
"Sagar, Madhya Pradesh","Sagar, Madhya Pradesh",ORG,0.0,0.0,en,1.0
Shrine Workers Commence Cleanup After Strong Aomori Quake,Shrine Workers Commence Cleanup After Strong Aomori Quake,ORG,0.4333333333333333,0.0,en,1.0
Japan Meteorological Agency,Japan Meteorological Agency,ORG,0.04034090909090909,0.0,en,1.0
Nvidia,Nvidia,ORG,-0.20000000000000004,0.0,en,1.0
CDATA,CDATA,ORG,0.5,0.0,en,1.0
tsunami - CBS News,tsunami - CBS News,ORG,0.09999999999999999,0.0,en,1.0
World News - Hindustan Times,World News - Hindustan Times,ORG,-0.05000000000000002,0.0,en,1.0
coastNBC News Japan,coastNBC News Japan,ORG,0.2388888888888889,0.0,en,1.0
NHK Japan,NHK Japan,ORG,0.06818181818181818,0.0,en,1.0
IndiGo,IndiGo,ORG,0.06818181818181818,0.0,en,1.0
The US Federal Reserve,The US Federal Reserve,ORG,-0.1,0.0,en,1.0
RBA,RBA,ORG,0.0,0.0,en,1.0
Notre-Dame,Notre-Dame,ORG,-0.2,0.0,en,1.0
coastNBC News 6,coastNBC News 6,ORG,0.2388888888888889,0.0,en,1.0
KYODO NEWS Evacuation,KYODO NEWS Evacuation,ORG,0.2388888888888889,0.0,en,1.0
Tsunami Advisory Issued,Tsunami Advisory Issued,ORG,0.0,0.0,en,1.0
Iwat,Iwat,ORG,0.0,0.0,en,1.0
Desierto de Los Leones,Desierto de Los Leones,ORG,0.0,0.0,en,1.0
regionCBS News,regionCBS News,ORG,0.04545454545454545,0.0,en,1.0
ABC Biography,ABC Biography,ORG,0.8,0.0,en,1.0
the Bermuda Triangle,the Bermuda Triangle,ORG,-0.1,0.0,en,1.0
The Daily Mails,The Daily Mails,ORG,-0.15,0.0,en,1.0
The Daily Mail’s,The Daily Mail’s,ORG,0.0,0.0,en,1.0
Mail,Mail,ORG,0.0,0.0,en,1.0
NIV,NIV,ORG,0.0,0.0,en,1.0
Mega Quake,Mega Quake,ORG,0.18434343434343434,0.0,en,1.0
NPR,NPR,ORG,0.0,0.0,en,1.0
The Oldest Nuclear Power Plant In The World Is Facing Public Backlash,The Oldest Nuclear Power Plant In The World Is Facing Public Backlash,ORG,0.0,0.0,en,1.0
Multifunctional,Multifunctional,ORG,0.0,0.0,en,1.0
Wearable Camping Tent,Wearable Camping Tent,ORG,0.0,0.0,en,1.0
Transformable,Transformable,ORG,0.0,0.0,en,1.0
wearable shelter garment,wearable shelter garment,ORG,0.0,0.0,en,1.0
Swift,Swift,ORG,0.0,0.0,en,1.0
Nancy,Nancy,ORG,0.13636363636363635,0.0,en,1.0
Japan Wire,Japan Wire,ORG,0.0,0.0,en,1.0
coastBBC Evacuation,coastBBC Evacuation,ORG,0.1525,0.0,en,1.0
coastAP News Evacuation,coastAP News Evacuation,ORG,0.115625,0.0,en,1.0
Alaska Airlines,Alaska Airlines,ORG,-0.006397306397306411,0.0,en,1.0
Grand,Grand,ORG,0.0,0.0,en,1.0
the Detroit Free Press,the Detroit Free Press,ORG,0.4,0.0,en,1.0
Slipgate Ironworks',Slipgate Ironworks',ORG,0.0,0.0,en,1.0
Orbital,Orbital,ORG,0.0,0.0,en,1.0
Tempest Rising's,Tempest Rising's,ORG,-0.3333333333333333,0.0,en,1.0
NRC,NRC,ORG,0.1,0.0,en,1.0
SouthcentralAlaska,SouthcentralAlaska,ORG,0.10416666666666667,0.0,en,1.0
WillowAlaska Earthquake Center,WillowAlaska Earthquake Center,ORG,0.10416666666666667,0.0,en,1.0
USGSABC News,USGSABC News,ORG,0.10416666666666667,0.0,en,1.0
State Fire and Rescue Department,State Fire and Rescue Department,ORG,0.0,0.0,en,1.0
Rescue Department,Rescue Department,ORG,0.0,0.0,en,1.0
MetMal,MetMal,ORG,0.3916666666666666,0.0,en,1.0
Seismic Activity Reported Nepal,Seismic Activity Reported Nepal,ORG,0.23333333333333336,0.0,en,1.0
Bangladesh,Bangladesh,ORG,0.03333333333333335,0.0,en,1.0
"the University of California, Davis","the University of California, Davis",ORG,0.06818181818181818,0.0,en,1.0
Limongelli,Limongelli,ORG,0.1,0.0,en,1.0
Infrastruct,Infrastruct,ORG,0.0,0.0,en,1.0
The British Geological Society,The British Geological Society,ORG,0.0,0.0,en,1.0
Canada - Daily Mail Online,Canada - Daily Mail Online,ORG,0.0,0.0,en,1.0
Japans Meteorological Agency,Japans Meteorological Agency,ORG,0.0,0.0,en,1.0
Sci.18,Sci.18,ORG,0.0,0.0,en,1.0
Hazards Earth Syst,Hazards Earth Syst,ORG,0.0,0.0,en,1.0
Natl,Natl,ORG,0.0,0.0,en,1.0
"Petley, D. N. Global","Petley, D. N. Global",ORG,0.0,0.0,en,1.0
borderThe Guardian,borderThe Guardian,ORG,-0.05,0.0,en,1.0
"CFW
","CFW
",ORG,0.0,0.0,en,1.0
BGS,BGS,ORG,0.0,0.0,en,1.0
AlaskaYahoo,AlaskaYahoo,ORG,0.0,0.0,en,1.0
Yakutat,Yakutat,ORG,0.0,0.0,en,1.0
the U.S. Census Bureau,the U.S. Census Bureau,ORG,0.0,0.0,en,1.0
Metas AI,Metas AI,ORG,-0.20000000000000004,0.0,en,1.0
Netflix,Netflix,ORG,-0.20000000000000004,0.0,en,1.0
Telecom Fiber-Optic Cables Measured an Earthquake,Telecom Fiber-Optic Cables Measured an Earthquake,ORG,0.9,0.0,en,1.0
National Parks to Visit,National Parks to Visit,ORG,0.0,0.0,en,1.0
Desierto de los Leones National Park,Desierto de los Leones National Park,ORG,-0.1,0.0,en,1.0
the Yukon Geological Survey,the Yukon Geological Survey,ORG,0.12499999999999999,0.0,en,1.0
shakesThe Japan Times Strong,shakesThe Japan Times Strong,ORG,0.22291666666666668,0.0,en,1.0
‍western ⁠Japan ​on,‍western ⁠Japan ​on,ORG,0.0,0.0,en,1.0
The Nuclear Regulation Authority,The Nuclear Regulation Authority,ORG,0.0,0.0,en,1.0
Morigaon Civil Hospital,Morigaon Civil Hospital,ORG,0.0,0.0,en,1.0
Yihan Pan,Yihan Pan,ORG,0.0,0.0,en,1.0
Shock Venezuela Strike Means,Shock Venezuela Strike Means,ORG,0.0,0.0,en,1.0
CBS,CBS,ORG,0.0,0.0,en,1.0
Geosci.5,Geosci.5,ORG,0.0,0.0,en,1.0
Nat,Nat,ORG,0.0,0.0,en,1.0
Tsunamigenic,Tsunamigenic,ORG,-0.2111111111111111,0.0,en,1.0
MEXICO CITY &gt;&gt,MEXICO CITY &gt;&gt,ORG,0.1715909090909091,0.0,en,1.0
The US Geo,The US Geo,ORG,0.0,0.0,en,1.0
Sparklers,Sparklers,ORG,-0.03787878787878789,0.0,en,1.0
National Weather Service Reports,National Weather Service Reports,ORG,0.09999999999999999,0.0,en,1.0
Presi,Presi,ORG,0.0,0.0,en,1.0
por,por,ORG,0.0,0.0,en,1.0
SWOT,SWOT,ORG,0.3666666666666667,0.0,en,1.0
KYODO NEWS Magnitu,KYODO NEWS Magnitu,ORG,0.22291666666666668,0.0,en,1.0
CDMX,CDMX,ORG,-0.1,0.0,en,1.0
sourcespacehas,sourcespacehas,ORG,0.1,0.0,en,1.0
Celebrate,Celebrate,ORG,0.5,0.0,en,1.0
"Dou, L. &amp","Dou, L. &amp",ORG,0.05208333333333333,0.0,en,1.0
the EuropeanMediterranean Seismological Centre,the EuropeanMediterranean Seismological Centre,ORG,0.0,0.0,en,1.0
EMSC).According,EMSC).According,ORG,0.0,0.0,en,1.0
the European‑Mediterranean Seismological Centre,the European‑Mediterranean Seismological Centre,ORG,0.0,0.0,en,1.0
Quantic,Quantic,ORG,0.0,0.0,en,1.0
Historic ‘Relief Cottages,Historic ‘Relief Cottages,ORG,-0.12698412698412698,0.0,en,1.0
the Reserve Bank of India,the Reserve Bank of India,ORG,0.1875,0.0,en,1.0
Bengaluru,Bengaluru,ORG,0.16,0.0,en,1.0
Mata Vaishno Devi Medical College Losing Recognition Amid,Mata Vaishno Devi Medical College Losing Recognition Amid,ORG,0.2777777777777778,0.0,en,1.0
CES,CES,ORG,0.0,0.0,en,1.0
Shimane Quake Triggers Liquefaction,Shimane Quake Triggers Liquefaction,ORG,0.0,0.0,en,1.0
Meghan Markle & Her,Meghan Markle & Her,ORG,-0.25,0.0,en,1.0
the China Earthquake Networks Center,the China Earthquake Networks Center,ORG,0.23333333333333336,0.0,en,1.0
unex,unex,ORG,0.1,0.0,en,1.0
"Aceh records 1,556","Aceh records 1,556",ORG,0.0,0.0,en,1.0
The General Directorate of Foundations,The General Directorate of Foundations,ORG,0.07500000000000001,0.0,en,1.0
The World Bank’s,The World Bank’s,ORG,0.06666666666666667,0.0,en,1.0
Queensland ABC News,Queensland ABC News,ORG,0.5,0.0,en,1.0
DSNP,DSNP,ORG,0.0,0.0,en,1.0
Geo News,Geo News,ORG,0.375,0.0,en,1.0
NSMC,NSMC,ORG,0.375,0.0,en,1.0
the National Seismic Monitoring Centre,the National Seismic Monitoring Centre,ORG,0.375,0.0,en,1.0
the Pa,the Pa,ORG,0.2,0.0,en,1.0
Assam,Assam,ORG,0.0,0.0,en,1.0
USGS).According,USGS).According,ORG,0.05,0.0,en,1.0
00:00:03,00:00:03,ORG,0.09356060606060607,0.0,en,1.0
Ericka Cruz Guevarra,Ericka Cruz Guevarra,ORG,0.09356060606060607,0.0,en,1.0
Clipper,Clipper,ORG,0.09356060606060607,0.0,en,1.0
Ericka,Ericka,ORG,0.09356060606060607,0.0,en,1.0
Clipper 2.0,Clipper 2.0,ORG,0.0,0.0,en,1.0
Pacific Prime Donates,Pacific Prime Donates,ORG,0.0,0.0,en,1.0
ASTORIA,ASTORIA,ORG,0.0,0.0,en,1.0
Desierto de los Leones,Desierto de los Leones,ORG,-0.05,0.0,en,1.0
impr,impr,ORG,0.0,0.0,en,1.0
‌weather,‌weather,ORG,0.0,0.0,en,1.0
‍weather,‍weather,ORG,-0.3,0.0,en,1.0
PRISTINA,PRISTINA,ORG,0.0,0.0,en,1.0
CBS Morning News,CBS Morning News,ORG,0.0,0.0,en,1.0
Pahalgam,Pahalgam,ORG,0.1875,0.0,en,1.0
Sky News Data and Forensics,Sky News Data and Forensics,ORG,0.1,0.0,en,1.0
Blue Temple,Blue Temple,ORG,0.0,0.0,en,1.0
Waymo,Waymo,ORG,0.0,0.0,en,1.0
internationa,internationa,ORG,0.0,0.0,en,1.0
myG,myG,ORG,0.3,0.0,en,1.0
⁠northeastern ‍coast,⁠northeastern ‍coast,ORG,-0.15,0.0,en,1.0
Croma,Croma,ORG,0.3,0.0,en,1.0
Titan,Titan,ORG,0.3,0.0,en,1.0
Nanya Technology Corporation,Nanya Technology Corporation,ORG,0.0,0.0,en,1.0
Loch,Loch,ORG,0.4,0.0,en,1.0
Equipment Operational,Equipment Operational,ORG,0.0,0.0,en,1.0
"455,000th house","455,000th house",ORG,0.0,0.0,en,1.0
UEX,UEX,ORG,0.125,0.0,en,1.0
Universal Exchange,Universal Exchange,ORG,0.125,0.0,en,1.0
Bitget,Bitget,ORG,0.125,0.0,en,1.0
Johari,Johari,ORG,0.0,0.0,en,1.0
KPBS Midday Edition,KPBS Midday Edition,ORG,0.0,0.0,en,1.0
Blu,Blu,ORG,-0.18,0.0,en,1.0
Fukushima Innovation Coast Framework,Fukushima Innovation Coast Framework,ORG,0.0,0.0,en,1.0
Thera,Thera,ORG,0.2555555555555556,0.0,en,1.0
Canaves Collection,Canaves Collection,ORG,0.0,0.0,en,1.0
Amityville Horror House,Amityville Horror House,ORG,-0.5166666666666666,0.0,en,1.0
ChatGPT,ChatGPT,ORG,-0.3333333333333333,0.0,en,1.0
+1864,+1864,ORG,0.0,0.0,en,1.0
Metal Hammer,Metal Hammer,ORG,0.21875,0.0,en,1.0
the Riverside Church Hawks,the Riverside Church Hawks,ORG,-0.15,0.0,en,1.0
Sportico,Sportico,ORG,-0.2,0.0,en,1.0
Rolling Stone,Rolling Stone,ORG,-0.2,0.0,en,1.0
Riverside Church,Riverside Church,ORG,0.13636363636363635,0.0,en,1.0
Murayama,Murayama,ORG,0.0,0.0,en,1.0
Pentagon,Pentagon,ORG,-0.2,0.0,en,1.0
Ezekiel,Ezekiel,ORG,0.0,0.0,en,1.0
SAATNM,SAATNM,ORG,0.32499999999999996,0.42500000000000004,en,1.0
VICTORIA,VICTORIA,ORG,0.125,0.0,en,1.0
the Dewan Rakyat,the Dewan Rakyat,ORG,0.1,0.0,en,1.0
MyanmarWhen,MyanmarWhen,ORG,-0.5,0.0,en,1.0
The Photojournalism Archive,The Photojournalism Archive,ORG,0.0,0.0,en,1.0
designboom | architecture & desig,designboom | architecture & desig,ORG,0.024999999999999998,0.0,en,1.0
blue temple,blue temple,ORG,-0.1,0.0,en,1.0
Sci-Fi Western ‘,Sci-Fi Western ‘,ORG,0.0,0.0,en,1.0
Newsweek,Newsweek,ORG,0.06628787878787878,0.0,en,1.0
Geological Survey,Geological Survey,ORG,0.1,0.0,en,1.0
Live Updates,Live Updates,ORG,0.09943181818181818,0.0,en,1.0
Podcast Transcript Located,Podcast Transcript Located,ORG,0.0,0.0,en,1.0
Sci,Sci,ORG,0.0,0.0,en,1.0
Xinhua news agency,Xinhua news agency,ORG,0.0,0.0,en,1.0
State Disaster Management Force,State Disaster Management Force,ORG,0.0,0.0,en,1.0
USA Today… Skip,USA Today… Skip,ORG,0.17777777777777778,0.0,en,1.0
Manu Josephs,Manu Josephs,ORG,0.15000000000000002,0.0,en,1.0
Early Warning Systems,Early Warning Systems,ORG,0.3,0.0,en,1.0
Great California ShakeOut,Great California ShakeOut,ORG,0.3,0.0,en,1.0
Great California Shakeout,Great California Shakeout,ORG,0.45,0.0,en,1.0
Vot,Vot,ORG,0.0,0.0,en,1.0
US Supreme Court,US Supreme Court,ORG,0.0,0.0,en,1.0
6-Year-Old's,6-Year-Old's,ORG,0.0,0.0,en,1.0
Philippine News Agency,Philippine News Agency,ORG,0.19318181818181818,0.0,en,1.0
AstraZeneca,AstraZeneca,ORG,-0.20000000000000004,0.0,en,1.0
Traveller,Traveller,ORG,-1.0,0.5,en,1.0
Philippine Institute of Seismo,Philippine Institute of Seismo,ORG,0.0,0.0,en,1.0
Cascadia Earthquake Faults May Be Linked,Cascadia Earthquake Faults May Be Linked,ORG,0.0,0.0,en,1.0
The Pacific Tsunami Warning Center,The Pacific Tsunami Warning Center,ORG,-0.05,0.0,en,1.0
Nanusa,Nanusa,ORG,0.30000000000000004,0.0,en,1.0
Phivolcs,Phivolcs,ORG,0.075,0.0,en,1.0
Bogo,Bogo,ORG,0.0,0.0,en,1.0
Ms.,Ms.,ORG,-0.19999999999999998,0.0,en,1.0
Indigenous Women’s Rights Violated,Indigenous Women’s Rights Violated,ORG,0.25,0.0,en,1.0
iPhone,iPhone,ORG,0.0,0.0,en,1.0
Negeri Sembilan,Negeri Sembilan,ORG,0.0,0.0,en,1.0
Department of Mineral and Geoscience,Department of Mineral and Geoscience,ORG,0.0,0.0,en,1.0
iden,iden,ORG,-0.05,0.0,en,1.0
CYBERJAYA,CYBERJAYA,ORG,-0.04,0.0,en,1.0
the United Nations General Assembly,the United Nations General Assembly,ORG,0.03571428571428571,0.0,en,1.0
Fener Greek Orthodox School,Fener Greek Orthodox School,ORG,0.012121212121212106,0.5666666666666667,en,1.0
TD,TD,ORG,0.12916666666666668,0.0,en,1.0
Irish Times,Irish Times,ORG,0.0,0.0,en,1.0
Kotaku,Kotaku,ORG,0.16999999999999998,0.0,en,1.0
BallxPit,BallxPit,ORG,0.35,0.0,en,1.0
the Biggest Fault Lines,the Biggest Fault Lines,ORG,0.0,0.0,en,1.0
Türkiyes,Türkiyes,ORG,0.016666666666666663,0.0,en,1.0
the Volcano Monitoring,the Volcano Monitoring,ORG,0.0,0.0,en,1.0
State Security and Peace Commission,State Security and Peace Commission,ORG,-0.1,0.0,en,1.0
the Philippine Institute of …,the Philippine Institute of …,ORG,0.14444444444444443,0.0,en,1.0
the Volcano Monitoring and Eruption Prediction Division,the Volcano Monitoring and Eruption Prediction Division,ORG,0.14444444444444443,0.0,en,1.0
PHIVOLCS,PHIVOLCS,ORG,0.0,0.0,en,1.0
upri,upri,ORG,0.13636363636363635,0.0,en,1.0
Oregon State University,Oregon State University,ORG,-0.25,0.0,en,1.0
PHT,PHT,ORG,0.525,0.6375,en,1.0
the Great Assam School Shakeout Programme,the Great Assam School Shakeout Programme,ORG,0.4166666666666667,0.0,en,1.0
PPC,PPC,ORG,0.1,0.0,en,1.0
Public Power Corporation,Public Power Corporation,ORG,0.1,0.0,en,1.0
Rifts - The New York Times,Rifts - The New York Times,ORG,0.06818181818181818,0.0,en,1.0
The World,The World,ORG,0.0,0.0,en,1.0
St James Theatre,St James Theatre,ORG,0.0,0.0,en,1.0
Royal NZ Ballet,Royal NZ Ballet,ORG,0.0,0.0,en,1.0
Super Typhoon Uwan,Super Typhoon Uwan,ORG,0.18888888888888888,0.0,en,1.0
Malatesta,Malatesta,ORG,0.0,0.0,en,1.0
the Japan Meteorological Agency TOKYO,the Japan Meteorological Agency TOKYO,ORG,0.275,0.0,en,1.0
LSTM,LSTM,ORG,-0.2833333333333333,0.0,en,1.0
the Land of Tea,the Land of Tea,ORG,0.0,0.0,en,1.0
Chunghwa Telecom Unveils,Chunghwa Telecom Unveils,ORG,0.0,0.0,en,1.0
GPAA,GPAA,ORG,0.08333333333333333,0.0,en,1.0
Kazumasa,Kazumasa,ORG,0.1,0.0,en,1.0
UNXT,UNXT,ORG,0.0,0.0,en,1.0
Cebu,Cebu,ORG,-0.5,0.0,en,1.0
Toho ULTIMATES,Toho ULTIMATES,ORG,-0.024999999999999994,0.0,en,1.0
AfghanistanVatican News,AfghanistanVatican News,ORG,-0.01837121212121213,0.0,en,1.0
The U.S. Tsunami Warning System Is Crumbling,The U.S. Tsunami Warning System Is Crumbling,ORG,0.0,0.0,en,1.0
Fire and Rescue Services,Fire and Rescue Services,ORG,0.0,0.0,en,1.0
AC/DC's,AC/DC's,ORG,0.1,0.0,en,1.0
University,University,ORG,0.13636363636363635,0.0,en,1.0
Bitget Supports Earthquake Relief Efforts,Bitget Supports Earthquake Relief Efforts,ORG,0.0,0.0,en,1.0
Na,Na,ORG,0.0,0.0,en,1.0
the Department of Disaster Management,the Department of Disaster Management,ORG,0.16666666666666666,0.0,en,1.0
DBC Television,DBC Television,ORG,0.25,0.0,en,1.0
Pakistan News,Pakistan News,ORG,0.1,0.0,en,1.0
NDTV,NDTV,ORG,0.0,0.0,en,1.0
Kīlauea,Kīlauea,ORG,-0.16666666666666666,0.0,en,1.0
Metal Injection,Metal Injection,ORG,0.175,0.0,en,1.0
The Independent,The Independent,ORG,0.2375,0.0,en,1.0
Big Tech,Big Tech,ORG,0.2375,0.0,en,1.0
Baumkuchen,Baumkuchen,ORG,0.2375,0.0,en,1.0
Russian Academy,Russian Academy,ORG,0.0,0.0,en,1.0
Nepal Updates and Implements Revised National Building Code,Nepal Updates and Implements Revised National Building Code,ORG,0.0,0.0,en,1.0
AC/DC,AC/DC,ORG,0.125,0.0,en,1.0
RiftsThe New York Times Deadly,RiftsThe New York Times Deadly,ORG,-0.01837121212121213,0.0,en,1.0
Kills Worker,Kills Worker,ORG,0.0,0.0,en,1.0
Seismometers,Seismometers,ORG,-0.1811111111111111,0.0,en,1.0
Medieval Tower,Medieval Tower,ORG,0.0,0.0,en,1.0
a UN Disaster Assessment,a UN Disaster Assessment,ORG,0.25,0.0,en,1.0
The Central Emergency Response Fund,The Central Emergency Response Fund,ORG,0.0,0.0,en,1.0
German Research Centre for Geosciences,German Research Centre for Geosciences,ORG,0.0,0.0,en,1.0
saysThe Washington Post,saysThe Washington Post,ORG,-0.013888888888888886,0.0,en,1.0
The Washington Post,The Washington Post,ORG,0.0,0.0,en,1.0
the Disaster and Emergency Management Authority,the Disaster and Emergency Management Authority,ORG,0.0,0.0,en,1.0
RFE/RL,RFE/RL,ORG,0.19166666666666665,0.0,en,1.0
kille,kille,ORG,-0.3,0.0,en,1.0
Islam,Islam,ORG,-0.25,0.0,en,1.0
"DallasBiff
","DallasBiff
",ORG,0.0,0.0,en,1.0
NOAA,NOAA,ORG,0.0,0.0,en,1.0
the National Oceanographic and Atmospheric Administration,the National Oceanographic and Atmospheric Administration,ORG,0.0,0.0,en,1.0
performatively,performatively,ORG,0.16666666666666666,0.0,en,1.0
the World Health Organization,the World Health Organization,ORG,0.0,0.0,en,1.0
Carrera,Carrera,ORG,0.13636363636363635,0.0,en,1.0
AP) Firefighters,AP) Firefighters,ORG,-0.10000000000000002,0.0,en,1.0
G Madug,G Madug,ORG,0.1,0.0,en,1.0
the Karnataka State Natural Disaster Monitoring Centre,the Karnataka State Natural Disaster Monitoring Centre,ORG,0.21666666666666667,0.0,en,1.0
The Office for the Coordination of Humanitarian Affairs,The Office for the Coordination of Humanitarian Affairs,ORG,0.5,0.0,en,1.0
World News,World News,ORG,0.0,0.0,en,1.0
MIA,MIA,ORG,0.0,0.0,en,1.0
CEBU,CEBU,ORG,-0.2,0.0,en,1.0
SafeTaiwans,SafeTaiwans,ORG,0.4590909090909091,0.0,en,1.0
SafeTaiwan,SafeTaiwan,ORG,0.4590909090909091,0.0,en,1.0
El Niño,El Niño,ORG,0.0,0.0,en,1.0
IPOH,IPOH,ORG,0.0,0.0,en,1.0
Christian Solidarity Worldwide,Christian Solidarity Worldwide,ORG,-0.021875,0.0,en,1.0
Godzilla Heads,Godzilla Heads,ORG,0.0,0.0,en,1.0
Fortunes Improve,Fortunes Improve,ORG,0.0,0.0,en,1.0
Theater,Theater,ORG,-0.3499999999999999,0.0,en,1.0
Radio Azadi,Radio Azadi,ORG,0.04,0.0,en,1.0
RFE/RL's,RFE/RL's,ORG,0.04,0.0,en,1.0
Getty/iStock,Getty/iStock,ORG,-0.024999999999999998,0.0,en,1.0
Yukon,Yukon,ORG,-0.16666666666666666,0.0,en,1.0
Jackery,Jackery,ORG,0.0,0.0,en,1.0
GuangxiSouth China Morning Post,GuangxiSouth China Morning Post,ORG,0.004166666666666666,0.0,en,1.0
J&K,J&K,ORG,0.0,0.0,en,1.0
Consulting &gt,Consulting &gt,ORG,0.0,0.0,en,1.0
Engineering &amp,Engineering &amp,ORG,0.0,0.0,en,1.0
Design Team,Design Team,ORG,0.0,0.0,en,1.0
The Social Affairs Ministry,The Social Affairs Ministry,ORG,0.11666666666666667,0.0,en,1.0
Ministry of Public Works,Ministry of Public Works,ORG,0.09999999999999999,0.0,en,1.0
Indonesia&rsquo;s Ministry of Public Works,Indonesia&rsquo;s Ministry of Public Works,ORG,0.09999999999999999,0.0,en,1.0
veja vídeo,veja vídeo,ORG,0.0,0.0,en,1.0
terremoto de,terremoto de,ORG,0.0,0.0,en,1.0
Indonésia,Indonésia,ORG,0.0,0.0,en,1.0
Pacific Tsunami Warning Center,Pacific Tsunami Warning Center,ORG,-0.026060606060606062,0.0,en,1.0
​earth,​earth,ORG,0.060238095238095236,0.0,en,1.0
LUGANVILLE,LUGANVILLE,ORG,0.0,0.0,en,1.0
Mahoney,Mahoney,ORG,0.13636363636363635,0.0,en,1.0
TMZ & the Daily Mail,TMZ & the Daily Mail,ORG,0.20833333333333334,0.0,en,1.0
Tamashiro Market,Tamashiro Market,ORG,0.1,0.0,en,1.0
the San Jose Sharks,the San Jose Sharks,ORG,0.5,0.0,en,1.0
Jammu &amp,Jammu &amp,ORG,0.0,0.0,en,1.0
Social M,Social M,ORG,0.36666666666666664,0.0,en,1.0
India News,India News,ORG,0.15075757575757576,0.0,en,1.0
Video Producer & Social Media Manager,Video Producer & Social Media Manager,ORG,0.24444444444444444,0.0,en,1.0
Fair Observer’s,Fair Observer’s,ORG,0.24444444444444444,0.0,en,1.0
fennil 1.6.0,fennil 1.6.0,ORG,0.0,0.0,en,1.0
Seismic Press,Seismic Press,ORG,0.4,0.0,en,1.0
Nahariya,Nahariya,ORG,0.0,0.0,en,1.0
MEA,MEA,ORG,0.0,0.0,en,1.0
The Ministry of External Affairs,The Ministry of External Affairs,ORG,0.06818181818181818,0.0,en,1.0
JAKARTA,JAKARTA,ORG,-0.1,0.0,en,1.0
Türkiyes Disaster and Emergency Management Authority,Türkiyes Disaster and Emergency Management Authority,ORG,0.0,0.0,en,1.0
National Disaster Management Authorit,National Disaster Management Authorit,ORG,-0.1,0.0,en,1.0
National Disaster Management Authority,National Disaster Management Authority,ORG,0.0,0.0,en,1.0
Rodrguez,Rodrguez,ORG,0.0,0.0,en,1.0
Kabuls,Kabuls,ORG,-0.3,0.0,en,1.0
Loma Prieta,Loma Prieta,ORG,0.25,0.0,en,1.0
NYC,NYC,ORG,0.13402777777777777,0.0,en,1.0
"Leh, Ladak","Leh, Ladak",ORG,0.05,0.0,en,1.0
The National Centre for Seismology,The National Centre for Seismology,ORG,0.0,0.0,en,1.0
Harper Adams University,Harper Adams University,ORG,0.1,0.0,en,1.0
Uni,Uni,ORG,0.0,0.0,en,1.0
Sri Vijaya Puram,Sri Vijaya Puram,ORG,0.4,0.0,en,1.0
Nicobar Islands Directorate of Disaster Management,Nicobar Islands Directorate of Disaster Management,ORG,0.0,0.0,en,1.0
​said,​said,ORG,0.0,0.0,en,1.0
⁠the ​island's,⁠the ​island's,ORG,0.0,0.0,en,1.0
Water NSW,Water NSW,ORG,0.13839285714285715,0.0,en,1.0
A Nuclear Nightmare,A Nuclear Nightmare,ORG,0.0,0.0,en,1.0
Sobol,Sobol,ORG,0.0,0.0,en,1.0
UNESCO,UNESCO,ORG,-0.04666666666666666,0.0,en,1.0
Harley-Davidson,Harley-Davidson,ORG,0.0,0.0,en,1.0
USGS Earthquake Impact Library for,USGS Earthquake Impact Library for,ORG,0.0,0.0,en,1.0
esi-shakelib,esi-shakelib,ORG,0.0,0.0,en,1.0
STREC,STREC,ORG,0.0,0.0,en,1.0
usgs-strec,usgs-strec,ORG,0.0,0.0,en,1.0
Takuma Hashimoto,Takuma Hashimoto,ORG,0.05,0.0,en,1.0
Sikar,Sikar,ORG,0.3333333333333333,0.0,en,1.0
The Directorate of Disaster Management,The Directorate of Disaster Management,ORG,0.4,0.0,en,1.0
The Bureau of Indian Standards',The Bureau of Indian Standards',ORG,0.0,0.0,en,1.0
Earthq,Earthq,ORG,0.0,0.0,en,1.0
CE,CE,ORG,0.03333333333333333,0.0,en,1.0
GUARDIAN,GUARDIAN,ORG,0.0,0.0,en,1.0
South Asia News,South Asia News,ORG,0.061111111111111095,0.0,en,1.0
N. Vulnerability,N. Vulnerability,ORG,-0.029166666666666664,0.0,en,1.0
"Golmohammadi, H. &amp","Golmohammadi, H. &amp",ORG,-0.029166666666666664,0.0,en,1.0
Allied,Allied,ORG,0.0,0.0,en,1.0
UNE,UNE,ORG,0.03333333333333333,0.0,en,1.0
The Land Walls of Constantinople,The Land Walls of Constantinople,ORG,0.0,0.0,en,1.0
Spectra11,Spectra11,ORG,0.0,0.0,en,1.0
IIFL Group,IIFL Group,ORG,0.011111111111111112,0.0,en,1.0
IIFL Foundation,IIFL Foundation,ORG,0.011111111111111112,0.0,en,1.0
National Research and Innovation Agency,National Research and Innovation Agency,ORG,0.08666666666666666,0.0,en,1.0
Indonesia&rsquo;s National Research and Innovation Agency,Indonesia&rsquo;s National Research and Innovation Agency,ORG,0.08666666666666666,0.0,en,1.0
EastMed Gas Forum,EastMed Gas Forum,ORG,0.0,0.0,en,1.0
"Roomanald/Shutterstock
","Roomanald/Shutterstock
",ORG,0.2,0.0,en,1.0
Fair Observers Video Producer &amp,Fair Observers Video Producer &amp,ORG,0.36666666666666664,0.0,en,1.0
Blind Willow Sping Woman 2022,Blind Willow Sping Woman 2022,ORG,-0.5,0.0,en,1.0
"Tajabadipour, M. Analysis","Tajabadipour, M. Analysis",ORG,0.0,0.0,en,1.0
The California Governors Office of Emergency Service,The California Governors Office of Emergency Service,ORG,0.0,0.0,en,1.0
Starmer,Starmer,ORG,0.125,0.0,en,1.0
Burnham,Burnham,ORG,0.125,0.0,en,1.0
Sri Lankan,Sri Lankan,ORG,0.0,0.0,en,1.0
"KieferPix/Shutterstock
","KieferPix/Shutterstock
",ORG,0.26666666666666666,0.0,en,1.0
Snaresbrook Crown Court,Snaresbrook Crown Court,ORG,-0.4666666666666666,0.0,en,1.0
NY Post,NY Post,ORG,0.1761904761904762,0.0,en,1.0
Magnitude-6.0,Magnitude-6.0,ORG,0.0,0.0,en,1.0
RWTH University of Aachen,RWTH University of Aachen,ORG,-0.1,0.0,en,1.0
the U.S. West Coast,the U.S. West Coast,ORG,0.13333333333333333,0.0,en,1.0
United States Geological Survey,United States Geological Survey,ORG,-0.09999999999999999,0.0,en,1.0
Popular Science,Popular Science,ORG,0.25952380952380955,0.0,en,1.0
United,United,ORG,0.0,0.0,en,1.0
Nevada Test Sit,Nevada Test Sit,ORG,-0.06666666666666667,0.0,en,1.0
The Twin Economic Superstorms,The Twin Economic Superstorms,ORG,0.06666666666666667,0.0,en,1.0
New York Times,New York Times,ORG,0.13636363636363635,0.0,en,1.0
Office of Emergency Service,Office of Emergency Service,ORG,0.05,0.0,en,1.0
Resign,Resign,ORG,0.0,0.0,en,1.0
Nord Department,Nord Department,ORG,-0.25,0.0,en,1.0
Reform UK,Reform UK,ORG,-0.1,0.0,en,1.0
Google LLC,Google LLC,ORG,0.06666666666666667,0.0,en,1.0
Hanjing Wang &amp,Hanjing Wang &amp,ORG,0.06666666666666667,0.0,en,1.0
Harvard University,Harvard University,ORG,0.06666666666666667,0.0,en,1.0
Planetary Sciences,Planetary Sciences,ORG,0.06666666666666667,0.0,en,1.0
the ⁠Japan Meteorological Agency,the ⁠Japan Meteorological Agency,ORG,0.0,0.0,en,1.0
AP/Eugene H,AP/Eugene H,ORG,0.0,0.0,en,1.0
Social Media Explorer,Social Media Explorer,ORG,0.14166666666666666,0.0,en,1.0
Irans Mehr,Irans Mehr,ORG,-0.25,0.0,en,1.0
The Irish Independent’s View,The Irish Independent’s View,ORG,0.0,0.0,en,1.0
Jamaica Estates,Jamaica Estates,ORG,0.17272727272727276,0.0,en,1.0
DAS,DAS,ORG,0.0,0.0,en,1.0
FTTH,FTTH,ORG,0.0,0.0,en,1.0
Wi-Fi,Wi-Fi,ORG,-0.4,0.0,en,1.0
Swiss Alps,Swiss Alps,ORG,0.0,0.0,en,1.0
Labour Party,Labour Party,ORG,-0.1,0.0,en,1.0
left)NY Post,left)NY Post,ORG,0.25,0.0,en,1.0
NEWSWISE,NEWSWISE,ORG,0.0,0.0,en,1.0
Swalwell,Swalwell,ORG,0.13636363636363635,0.0,en,1.0
the Japan Meteorologic,the Japan Meteorologic,ORG,0.26666666666666666,0.0,en,1.0
"Okamoto, T. &amp","Okamoto, T. &amp",ORG,0.0,0.0,en,1.0
8:19pm,8:19pm,ORG,0.0,0.0,en,1.0
Carson C,Carson C,ORG,0.0,0.0,en,1.0
Enloe,Enloe,ORG,0.0,0.0,en,1.0
Rural Nevada,Rural Nevada,ORG,0.0,0.0,en,1.0
The NSW Central West,The NSW Central West,ORG,0.0,0.0,en,1.0
the U.S. Geological Surv,the U.S. Geological Surv,ORG,0.0,0.0,en,1.0
FFSAD (Film Festival Seasonal Affective Disorder,FFSAD (Film Festival Seasonal Affective Disorder,ORG,0.13749999999999998,0.0,en,1.0
Hungary Ponders Life,Hungary Ponders Life,ORG,0.0,0.0,en,1.0
NATO,NATO,ORG,0.0,0.0,en,1.0
Environ,Environ,ORG,0.0,0.0,en,1.0
"H., Hissel, F. &amp","H., Hissel, F. &amp",ORG,0.21428571428571427,0.0,en,1.0
the UNESCO World Heritage Site,the UNESCO World Heritage Site,ORG,0.0,0.0,en,1.0
Civil Protection,Civil Protection,ORG,0.0,0.0,en,1.0
⁠stampede,⁠stampede,ORG,-0.25,0.0,en,1.0
Takenaka,Takenaka,ORG,0.0,0.0,en,1.0
California States Office of Emergency Services,California States Office of Emergency Services,ORG,0.0,0.0,en,1.0
CapRadios Ruth Finch,CapRadios Ruth Finch,ORG,0.0,0.0,en,1.0
The Cabinet Office,The Cabinet Office,ORG,0.020833333333333332,0.0,en,1.0
Anadolu Agency,Anadolu Agency,ORG,0.1,0.0,en,1.0
ETAS,ETAS,ORG,0.4333333333333333,0.0,en,1.0
The Japan Meteorological Agency's,The Japan Meteorological Agency's,ORG,0.15238095238095237,0.0,en,1.0
The Weather Channel,The Weather Channel,ORG,0.0,0.0,en,1.0
Blockade,Blockade,ORG,0.025,0.0,en,1.0
the US Geological Survey A,the US Geological Survey A,ORG,0.09999999999999999,0.0,en,1.0
Northeastern Japan,Northeastern Japan,ORG,0.2,0.0,en,1.0
"cl… Alpha Trade
","cl… Alpha Trade
",ORG,0.0,0.0,en,1.0
the Japan Meteorological Ag,the Japan Meteorological Ag,ORG,0.3,0.0,en,1.0
Tectonophysics538540,Tectonophysics538540,ORG,0.0,0.0,en,1.0
MA,MA,ORG,0.0,0.0,en,1.0
Academic Press,Academic Press,ORG,0.0,0.0,en,1.0
Geosciences Australia,Geosciences Australia,ORG,0.0,0.0,en,1.0
Skyline Shines,Skyline Shines,ORG,0.0,0.0,en,1.0
Thrace,Thrace,ORG,0.0,0.0,en,1.0
Price,Price,ORG,0.0,0.0,en,1.0
Ways Social Media Is Reshaping Child Marriage,Ways Social Media Is Reshaping Child Marriage,ORG,0.03333333333333333,0.0,en,1.0
Super Bowl,Super Bowl,ORG,0.3333333333333333,0.0,en,1.0
ITI Mumbai,ITI Mumbai,ORG,0.2916666666666667,0.0,en,1.0
The Rotary Club of Bombay,The Rotary Club of Bombay,ORG,0.2916666666666667,0.0,en,1.0
ITI,ITI,ORG,0.2,0.0,en,1.0
Rotary Club of Bombay,Rotary Club of Bombay,ORG,0.2,0.0,en,1.0
Tayron,Tayron,ORG,0.016666666666666666,0.0,en,1.0
Rs 50 lakh,Rs 50 lakh,ORG,0.0,0.0,en,1.0
CKD,CKD,ORG,0.0,0.0,en,1.0
BMW X3,BMW X3,ORG,0.5,0.0,en,1.0
Jammu & Kashmir,Jammu & Kashmir,ORG,0.0,0.0,en,1.0
Sci.93,Sci.93,ORG,0.0,0.0,en,1.0
Curr,Curr,ORG,0.0,0.0,en,1.0
P. S. &amp,P. S. &amp,ORG,0.0,0.0,en,1.0
Imperial Family Stages Noh Performance to Support Disaster Area,Imperial Family Stages Noh Performance to Support Disaster Area,ORG,0.0,0.0,en,1.0
Johns Hopkins University,Johns Hopkins University,ORG,0.16666666666666666,0.0,en,1.0
Sındırgı,Sındırgı,ORG,0.0,0.0,en,1.0
MG Motor India,MG Motor India,ORG,0.13636363636363635,0.0,en,1.0
acco,acco,ORG,0.05,0.0,en,1.0
DM,DM,ORG,0.03333333333333333,0.0,en,1.0
FOX Weather,FOX Weather,ORG,0.20833333333333331,0.0,en,1.0
Hatay,Hatay,ORG,0.0,0.0,en,1.0
Sikkim,Sikkim,ORG,0.0,0.0,en,1.0
ECE,ECE,ORG,-0.07222222222222223,0.0,en,1.0
The Natural Hazards Commission,The Natural Hazards Commission,ORG,0.1,0.0,en,1.0
SKHASH,SKHASH,ORG,0.0,0.0,en,1.0
Advanced Micro Devices,Advanced Micro Devices,ORG,0.2,0.0,en,1.0
National Legal Services Authority,National Legal Services Authority,ORG,0.2,0.0,en,1.0
The Economic Collapse Blog,The Economic Collapse Blog,ORG,0.15486111111111112,0.0,en,1.0
Habitat for Humanity,Habitat for Humanity,ORG,0.0,0.0,en,1.0
the German Research Center,the German Research Center,ORG,-0.05,0.0,en,1.0
NFC,NFC,ORG,0.0,0.0,en,1.0
The Seattle Seahawks,The Seattle Seahawks,ORG,0.3333333333333333,0.0,en,1.0
Marshawn Lynch,Marshawn Lynch,ORG,0.3333333333333333,0.0,en,1.0
Multi-Million-Dollar,Multi-Million-Dollar,ORG,0.0,0.0,en,1.0
Detransitioner,Detransitioner,ORG,0.0,0.0,en,1.0
https://doi.org/10.1029/2010JB008114,https://doi.org/10.1029/2010JB008114,ORG,0.0,0.0,en,1.0
Marzocchi,Marzocchi,ORG,0.0,0.0,en,1.0
Sierra Negra,Sierra Negra,ORG,0.0,0.0,en,1.0
M5,M5,ORG,0.0,0.0,en,1.0
CrashThe New York Times Exclusive,CrashThe New York Times Exclusive,ORG,0.025505050505050503,0.0,en,1.0
The Geological Survey of Israel,The Geological Survey of Israel,ORG,0.1,0.0,en,1.0
The National Institute for Earth Physics Research and Development,The National Institute for Earth Physics Research and Development,ORG,0.0,0.0,en,1.0
Fault ZoneIndian Defence Review,Fault ZoneIndian Defence Review,ORG,-0.013888888888888886,0.0,en,1.0
CECO Hirun Pvt Ltd,CECO Hirun Pvt Ltd,ORG,0.06727272727272728,0.0,en,1.0
Kutch,Kutch,ORG,0.0,0.0,en,1.0
Microsoft,Microsoft,ORG,0.29545454545454547,0.0,en,1.0
Thurrott.com,Thurrott.com,ORG,0.16666666666666666,0.0,en,1.0
First Ring Daily,First Ring Daily,ORG,0.31666666666666665,0.0,en,1.0
"The ""Myanmar Construction Market Size, Trends","The ""Myanmar Construction Market Size, Trends",ORG,0.0,0.0,en,1.0
the National Electrification Master Plan,the National Electrification Master Plan,ORG,0.0,0.0,en,1.0
Rebuilding Efforts,Rebuilding Efforts,ORG,0.0,0.0,en,1.0
"Investments in Industrial, Transport, Renewable Energy","Investments in Industrial, Transport, Renewable Energy",ORG,0.0,0.0,en,1.0
AAGR,AAGR,ORG,0.0,0.0,en,1.0
bank's,bank's,ORG,0.0,0.0,en,1.0
ManagEment,ManagEment,ORG,0.0,0.0,en,1.0
SFGATE,SFGATE,ORG,0.0,0.0,en,1.0
KARIWA,KARIWA,ORG,0.125,0.0,en,1.0
Environ.7,Environ.7,ORG,0.0,0.0,en,1.0
Health and Human Services Secr… Introduction:,Health and Human Services Secr… Introduction:,ORG,0.08,0.0,en,1.0
Children’s Health Defense,Children’s Health Defense,ORG,0.08,0.0,en,1.0
Foundation of Fraud,Foundation of Fraud,ORG,0.0,0.0,en,1.0
First Earthquake Detector,First Earthquake Detector,ORG,0.25,0.0,en,1.0
World,World,ORG,0.25,0.0,en,1.0
possib,possib,ORG,0.21428571428571427,0.0,en,1.0
Ecol,Ecol,ORG,0.0,0.0,en,1.0
Avci,Avci,ORG,0.0,0.0,en,1.0
"Zhu, D. Aftermath of the Wenchuan","Zhu, D. Aftermath of the Wenchuan",ORG,0.0,0.0,en,1.0
"N., Yuan","N., Yuan",ORG,0.0,0.0,en,1.0
~10%,~10%,ORG,0.0,0.0,en,1.0
Press,Press,ORG,0.0,0.0,en,1.0
Geophys,Geophys,ORG,0.0,0.0,en,1.0
EEW,EEW,ORG,0.1,0.0,en,1.0
ANTAKYA,ANTAKYA,ORG,-0.23125,0.0,en,1.0
Moms for Liberty,Moms for Liberty,ORG,0.21000000000000002,0.0,en,1.0
futureNBC News,futureNBC News,ORG,0.2433170995670996,0.0,en,1.0
Khyber Pakhtunkhwa,Khyber Pakhtunkhwa,ORG,0.0,0.0,en,1.0
Google Pixel Watch,Google Pixel Watch,ORG,0.0037878787878787845,0.0,en,1.0
Indian Institute of TechnologyKanpur,Indian Institute of TechnologyKanpur,ORG,0.21880341880341878,0.0,en,1.0
Google Updates Wear OS to Deliver Earthquake Alerts,Google Updates Wear OS to Deliver Earthquake Alerts,ORG,0.0,0.0,en,1.0
Galaxy Watch,Galaxy Watch,ORG,0.0,0.0,en,1.0
damag,damag,ORG,0.35,0.0,en,1.0
Nanta,Nanta,ORG,-0.125,0.0,en,1.0
Androids,Androids,ORG,0.1375,0.0,en,1.0
MetM,MetM,ORG,0.0,0.0,en,1.0
Geologist,Geologist,ORG,0.0,0.0,en,1.0
VERONA,VERONA,ORG,0.0,0.0,en,1.0
Palace,Palace,ORG,0.04523809523809524,0.0,en,1.0
general assembly,general assembly,ORG,0.1357142857142857,0.0,en,1.0
The Presbyterian Church,The Presbyterian Church,ORG,0.33,0.0,en,1.0
Rite & Reason,Rite & Reason,ORG,0.33,0.0,en,1.0
Boomerang Earthquakes Do,Boomerang Earthquakes Do,ORG,0.0,0.0,en,1.0
Kyoto University,Kyoto University,ORG,0.025,0.0,en,1.0
SingularityHub,SingularityHub,ORG,0.25,0.0,en,1.0
intersonic,intersonic,ORG,-0.4,0.0,en,1.0
Doda,Doda,ORG,0.0,0.0,en,1.0
Kahramanmara,Kahramanmara,ORG,0.0,0.0,en,1.0
Ministry of Interior Disaster and Emergency Management Presidency,Ministry of Interior Disaster and Emergency Management Presidency,ORG,0.0,0.0,en,1.0
PlanetLab,PlanetLab,ORG,0.0,0.0,en,1.0
Pixel Watch,Pixel Watch,ORG,0.0,0.0,en,1.0
Fast &amp,Fast &amp,ORG,0.05000000000000002,0.0,en,1.0
Kiwis,Kiwis,ORG,0.4,0.0,en,1.0
KRON,KRON,ORG,0.675,0.0,en,1.0
musi,musi,ORG,-0.4,0.0,en,1.0
Netizens,Netizens,ORG,0.6166666666666667,0.0,en,1.0
National,National,ORG,0.0,0.0,en,1.0
Gnowangerup,Gnowangerup,ORG,0.0,0.0,en,1.0
Israels Home Front Command,Israels Home Front Command,ORG,-0.125,0.0,en,1.0
The IDF Home Front Command,The IDF Home Front Command,ORG,0.0,0.0,en,1.0
Overdue,Overdue,ORG,0.0,0.0,en,1.0
KP,KP,ORG,0.0,0.0,en,1.0
SNS,SNS,ORG,0.020833333333333332,0.0,en,1.0
00:59:18,00:59:18,ORG,0.0,0.0,en,1.0
Stanford University,Stanford University,ORG,-0.020000000000000007,0.0,en,1.0
Il sindaco della città,Il sindaco della città,ORG,0.0,0.0,en,1.0
Societe Generale's,Societe Generale's,ORG,-0.09375,0.0,en,1.0
JPMorgan,JPMorgan,ORG,-0.09375,0.0,en,1.0
RSC,RSC,ORG,0.0,0.0,en,1.0
a Regional Service Centre,a Regional Service Centre,ORG,0.0,0.0,en,1.0
INCOIS,INCOIS,ORG,0.0,0.0,en,1.0
Indian National Centre for Ocean Information and Services,Indian National Centre for Ocean Information and Services,ORG,0.0,0.0,en,1.0
Messico,Messico,ORG,0.03333333333333333,0.0,en,1.0
Leggi Città,Leggi Città,ORG,0.03333333333333333,0.0,en,1.0
LESMC,LESMC,ORG,0.0,0.0,en,1.0
the National Seismological Center,the National Seismological Center,ORG,0.0,0.0,en,1.0
Humanity's Deadliest Day: Shaanxi 1556,Humanity's Deadliest Day: Shaanxi 1556,ORG,0.0,0.0,en,1.0
IFC,IFC,ORG,0.0,0.0,en,1.0
bimquake,bimquake,ORG,0.0,0.0,en,1.0
Kahramanmaras,Kahramanmaras,ORG,0.175,0.0,en,1.0
District Disaster Management Authorities,District Disaster Management Authorities,ORG,0.0,0.0,en,1.0
Disaster Management Department,Disaster Management Department,ORG,0.0,0.0,en,1.0
Roads & Kingdoms,Roads & Kingdoms,ORG,0.25,0.0,en,1.0
Yellowjackets,Yellowjackets,ORG,0.07878787878787878,0.0,en,1.0
Stanford,Stanford,ORG,0.09999999999999999,0.0,en,1.0
05:19:42,05:19:42,ORG,-0.008333333333333331,0.0,en,1.0
China Earthquake Administration,China Earthquake Administration,ORG,0.037500000000000006,0.0,en,1.0
MIT,MIT,ORG,0.03333333333333333,0.0,en,1.0
Mayumi,Mayumi,ORG,-0.5,0.0,en,1.0
Channel 4,Channel 4,ORG,0.07878787878787878,0.0,en,1.0
The Tony Blair Story,The Tony Blair Story,ORG,0.07878787878787878,0.0,en,1.0
Türkiye,Türkiye,ORG,-0.04285714285714286,0.0,en,1.0
eq-insar,eq-insar,ORG,0.0,0.0,en,1.0
"Shimamoto, T. Earthquake","Shimamoto, T. Earthquake",ORG,0.0,0.0,en,1.0
Natural Hazard Monitoring,Natural Hazard Monitoring,ORG,0.18,0.0,en,1.0
World Event Monitoring System - MCP,World Event Monitoring System - MCP,ORG,0.18,0.0,en,1.0
the Washington Post Does,the Washington Post Does,ORG,0.0,0.0,en,1.0
Finance Ministry,Finance Ministry,ORG,-0.04285714285714286,0.0,en,1.0
Lone,Lone,ORG,0.0,0.0,en,1.0
