domain,sentiment_mean,sentiment_std,subjectivity_mean,subjectivity_std,counting
economictimes.indiatimes.com,0.05467791219590121,0.13649778089115225,0.42316918420338057,0.17261347790861634,175.0
www.aljazeera.com,-0.010370167775059082,0.15792559151711136,0.4145945871761089,0.17299483492740897,69.0
biztoc.com,0.04727510619217158,0.14383789826410243,0.26899036618175376,0.22575540656965698,57.0
nypost.com,0.016173875536856307,0.1405171066217337,0.4407319950348797,0.173072814962549,52.0
abcnews.com,0.04502038523345341,0.16166711975128284,0.3483444196796469,0.20515620553066896,52.0
www.dailymail.com,-0.02686825326773124,0.24592902392356203,0.4500669485472134,0.17236563777516076,51.0
slashdot.org,0.0717615088989842,0.10897023381338085,0.4648483874126167,0.13720014668013292,46.0
www.abc.net.au,0.009904624387957722,0.26909644661745125,0.4112056203056203,0.22754506579933623,45.0
www.channelnewsasia.com,0.03486570247933884,0.13848488459431835,0.3435422405876951,0.19580220439775053,44.0
japantoday.com,-0.040768201430403814,0.27379381781888723,0.41922815254047746,0.2466945298815683,42.0
www.cbc.ca,-0.0003920926634341316,0.17008281373503709,0.412804909070153,0.17376208379857286,41.0
www.thestar.com.my,0.15774901795735127,0.14732149656861684,0.47216114518197855,0.16597664723397923,36.0
www.hurriyetdailynews.com,-0.0018894650873817536,0.1105817272200433,0.30015833934583935,0.20199592502165603,36.0
en.antaranews.com,0.08182857142857143,0.19262416437792987,0.35476780045351475,0.26928794640362,35.0
www.nature.com,-0.023870121912401322,0.15740537293842738,0.3826345159275832,0.2170165291038635,34.0
www.bbc.com,0.0616722645170921,0.18610604917564416,0.36046903766731353,0.21888537820339932,29.0
www.yahoo.com,0.029182010518217418,0.14885929074854176,0.38870176518883415,0.2200963971241482,29.0
timesofindia.indiatimes.com,0.08510886886102403,0.10862611292535718,0.4160687789222272,0.15499925760277009,29.0
www.israelnationalnews.com,0.037003843857292135,0.1020260585282548,0.2610500323431358,0.2761857721670684,29.0
abcnews.go.com,0.02665091164057329,0.13652027422842855,0.395946687606462,0.20322728433963952,28.0
consent.yahoo.com,-0.053385416666666664,0.11915679055290905,0.35464120370370367,0.13406278119589007,24.0
www.dw.com,0.019919239160310586,0.1299090912590565,0.42634957139421426,0.2237839327362756,24.0
theconversation.com,0.050046475707934045,0.19277389922316773,0.44013738267904934,0.18617226942062515,24.0
www.cbsnews.com,0.09202116271409748,0.13109656028237007,0.4768773919317398,0.2216877921847665,23.0
www.sciencedaily.com,0.013363817020993728,0.15788852922221489,0.5809552334638929,0.1312441122509389,22.0
freerepublic.com,0.17752601354874084,0.18995144351007826,0.43882709252027435,0.22550561857281975,22.0
www.thehindubusinessline.com,0.023112234161341304,0.1633256864563384,0.4445975915618772,0.24593437990195718,21.0
www.globalsecurity.org,0.12942135642135644,0.22091142231068894,0.394247113997114,0.2444029764836714,20.0
www.rte.ie,-0.005970622944307158,0.21278181147202604,0.39695427379637904,0.18563915943184237,19.0
indianexpress.com,0.04283056125161388,0.13709541012102125,0.3604590548340548,0.23030860043835075,19.0
www.scientificamerican.com,0.06403606167495056,0.1571551154555133,0.4472531891976337,0.20907149628658492,18.0
en.protothema.gr,0.07680239486366938,0.18091476758938885,0.4745666810495242,0.1083343742101146,17.0
www.irishtimes.com,-0.007138032106782103,0.23286400798493662,0.42697152326839827,0.15485436268828115,16.0
pypi.org,-0.08328125,0.11374942765423775,0.38614583333333335,0.1259636466516343,16.0
www.newser.com,0.09693630364795137,0.15076755744663056,0.4183296711705803,0.20639310884164,16.0
newsonjapan.com,0.1841371397962307,0.1255179866979197,0.5511720997857361,0.20763860925658412,15.0
www.npr.org,0.008718919968919962,0.157111815601877,0.3311377511377511,0.15673218400461433,13.0
journals.plos.org,0.05506942363192364,0.1503899922377396,0.4763837181337181,0.2126651068742637,13.0
www.bbc.co.uk,-0.16228643578643578,0.3572749720307518,0.4239512987012987,0.2691537169213602,12.0
dailycaller.com,0.031292087542087545,0.2542805890264744,0.4293455387205387,0.1532608858941845,12.0
www.ibtimes.com,0.03532433712121213,0.11682715625600505,0.3621243686868687,0.26450630789698804,12.0
gizmodo.com,0.07059873286435786,0.14454446439806198,0.46605714886964883,0.20792442973496092,12.0
www.insurancejournal.com,0.09389051226551226,0.13972977780714818,0.4420080567580567,0.2857659768568455,12.0
www.pbs.org,0.006698478289387383,0.1377909004184075,0.4522699396563033,0.19063122972678437,11.0
punchng.com,0.10734322390572391,0.11318873468671195,0.4920409451659452,0.14900557641451165,11.0
rollingout.com,0.01361963793781975,0.19245540948390083,0.5751131444313262,0.23064964758589113,11.0
www.nbcnews.com,0.08060835629017447,0.13611263373370605,0.5092476715203987,0.24619241675886205,11.0
www.ibtimes.com.au,0.040735110848747216,0.14451818763436558,0.5047730005684552,0.11936138189262531,11.0
www.foxnews.com,-0.06870425029515938,0.15126732942452875,0.3791748655385019,0.19690171650158192,11.0
www.rt.com,0.06664285714285714,0.08909665698394237,0.3558154761904762,0.19672773844935243,10.0
www.naturalnews.com,0.08319083694083694,0.1179162308627209,0.33479442779442775,0.1963093686621968,10.0
www.breitbart.com,-0.01916501322751323,0.09039746693692458,0.29007473544973544,0.22075048563127012,10.0
www.livescience.com,0.034442640692640705,0.08907785605113848,0.44620364357864356,0.15898687460014557,10.0
english.khabarhub.com,0.010645833333333332,0.05803199698107167,0.2044166666666667,0.14741813484602728,10.0
www.vanguardngr.com,0.051803325275547506,0.11221300782615015,0.3355969955969956,0.11670162626968768,9.0
www.bostonherald.com,0.08148325183047406,0.17719094798860455,0.4544142149003261,0.2447517201317423,9.0
news.sky.com,-0.011882027116402117,0.15310694351284543,0.35418113425925923,0.2598211476975883,8.0
alltoc.com,0.034579919088847666,0.14235700916407332,0.4604657544836116,0.08733404704802185,8.0
www.discovermagazine.com,0.038174039502164504,0.12767019517846243,0.403600965007215,0.07904128637634747,8.0
phys.org,0.0031332972582972605,0.13687960591202386,0.44767388167388167,0.12816980742615453,8.0
www.nzherald.co.nz,0.015360524891774896,0.10479896574278282,0.39614718614718614,0.10378938873721633,8.0
www.huffpost.com,0.10319444444444445,0.15035840485924482,0.4331597222222222,0.26696870037875675,8.0
foreignpolicy.com,0.06782986111111113,0.09639881247729097,0.3687921626984127,0.0809666093859295,8.0
newatlas.com,-0.01872222222222222,0.07323821693455601,0.4673333333333334,0.07793518463515199,7.0
www.sciencealert.com,0.11270395279323851,0.13916620398451857,0.5525231910946197,0.11101871800547398,7.0
www.thejournal.ie,0.04877551020408163,0.09155233320900888,0.4122448979591837,0.19253450658827187,7.0
www.usatoday.com,0.02517857142857143,0.11319330021819186,0.39731292517006805,0.2222995208936042,7.0
www.independent.ie,0.02545093795093795,0.08525786634907184,0.3886607142857143,0.12610439793304998,7.0
apnews.com,-0.09815759637188208,0.41449878074371127,0.5246315192743765,0.24608583497678785,7.0
www.cnn.com,-0.17157738095238095,0.41051641843466113,0.4456349206349206,0.3364359574111445,6.0
financialpost.com,0.06033549783549783,0.1150946982099645,0.3734397546897547,0.13412362776279593,6.0
www.activistpost.com,0.04956259018759021,0.1788796798483315,0.41670424482924484,0.13112197913092402,6.0
www.ewtnnews.com,-0.017187499999999998,0.04427144607419098,0.2179811507936508,0.1643226541638067,6.0
www.forbes.com,0.03583333333333333,0.0769815700769949,0.41097222222222224,0.21131630997375037,6.0
www.globenewswire.com,0.02847222222222222,0.09826327542015022,0.18541666666666667,0.2044598235459584,6.0
www.kqed.org,0.049340599876314166,0.07626206463198038,0.4825582354153783,0.1152162457453759,6.0
theweek.com,0.08517045454545455,0.27483053999607043,0.4335858585858586,0.13458900075819447,5.0
post.rlsbb.to,-0.029567099567099565,0.22652420542711207,0.5920562770562771,0.18053712138829422,5.0
legalinsurrection.com,0.10577930402930402,0.15379517160943587,0.4093443223443224,0.15233442756030913,5.0
www.cnbc.com,0.012498015873015878,0.16394056478770383,0.5074603174603174,0.17320653539998374,5.0
www.digitaljournal.com,-0.015789682539682545,0.08819085821265836,0.4358095238095238,0.09914211253653059,5.0
english.gossiplankanews.com,0.05481060606060606,0.0967619178409605,0.47905303030303026,0.28509656599098676,5.0
cryptobriefing.com,0.048357142857142855,0.1535854644748623,0.4127619047619048,0.2500699221945626,5.0
www.foxweather.com,0.035083333333333334,0.10774535952884468,0.2657777777777778,0.14437530396526177,5.0
www.mediaite.com,-0.12908884297520662,0.2020708488465342,0.46033853688399146,0.22868057465904862,5.0
www.boredpanda.com,0.12851190476190477,0.09070780191801689,0.48217261904761904,0.23922431445924522,4.0
www.commondreams.org,-0.20910714285714285,0.1930067078957151,0.3755627705627706,0.08185136030672166,4.0
www.dezeen.com,0.18850378787878788,0.21115271666346566,0.4255681818181818,0.09634103151107054,4.0
www.kpbs.org,0.1871969696969697,0.13112504984194065,0.34537878787878784,0.2606871350280754,4.0
www.digitimes.com,-0.022916666666666675,0.1563494128191369,0.4633333333333334,0.16904963110807958,4.0
spacedaily.com,0.019858369883040933,0.14294101696128855,0.3722797880116959,0.08966839458568539,4.0
www.internazionale.it,-0.0041666666666666675,0.03435921354681384,0.04583333333333333,0.06291528696058958,4.0
www.ndtvprofit.com,0.05416666666666666,0.08202867610600394,0.16541666666666666,0.14300592450819805,4.0
theeconomiccollapseblog.com,0.11920599131908657,0.15079075278618082,0.36972331019950067,0.12131969651105344,4.0
press.un.org,0.13135416666666666,0.11996111204376933,0.31552083333333336,0.15036890400500588,4.0
blizzardwatch.com,-0.055736360200645915,0.08225859252222557,0.3464384491170205,0.052598792279901586,4.0
www.wired.com,0.040921115921115914,0.08602237231801055,0.44653379028379026,0.18331156312900013,4.0
insidethemagic.net,0.1057936507936508,0.20568691028903108,0.347063492063492,0.16457179294002383,4.0
www.billboard.com,-0.10173160173160173,0.1075520194701718,0.6217412217412218,0.11603619517098678,3.0
news.un.org,0.11001984126984127,0.1133886909204221,0.44930555555555557,0.18057024512894126,3.0
nep123.com,0.37222222222222223,0.16187558093703855,0.48055555555555557,0.14821468413282335,3.0
variety.com,0.04698412698412699,0.29188003209676794,0.4242712842712843,0.004285787163955353,3.0
nationalpost.com,9.25185853854297e-18,0.12275766552213531,0.27175925925925926,0.06894729453624927,3.0
msmagazine.com,-0.013873106060606058,0.07533504029258221,0.3867424242424242,0.10416391180930165,3.0
www.archdaily.com,0.11047619047619049,0.11799847226037426,0.4704761904761905,0.31700957087635523,3.0
www.thenation.com,0.3020833333333333,0.20936204354604915,0.5907407407407407,0.19800964352788766,3.0
www.bgr.com,-0.02416666666666666,0.08840013197576876,0.5955555555555555,0.25036824730636126,3.0
www.christiantoday.com,0.052222222222222225,0.11127210558572835,0.16666666666666666,0.1942506971244462,3.0
m.economictimes.com,0.07023809523809522,0.051895540457585994,0.5523809523809524,0.06187399074968836,3.0
onefootball.com,0.15815558862433862,0.20248561792723804,0.4393518518518518,0.08324455147211875,3.0
www.dailysignal.com,0.17830687830687833,0.021433469947649813,0.31216931216931215,0.022297679900217415,3.0
www.unexplained-mysteries.com,0.0771875,0.009434418187030807,0.3902777777777778,0.0816850886251812,3.0
www.designboom.com,0.0755501443001443,0.08683397709413375,0.33351370851370854,0.016937949770076184,3.0
www.nationalgeographic.com,0.2324891774891775,0.12541145527451658,0.4999341630591631,0.1426390996455865,3.0
crooksandliars.com,0.042104192104192105,0.4719188292146569,0.6174806674806675,0.19715867762168615,3.0
www.nakedcapitalism.com,-0.04116402116402116,0.05637967728192528,0.46534391534391534,0.06428244815009496,3.0
www.thegatewaypundit.com,-0.16285714285714284,0.1487567525478135,0.36904761904761907,0.0927960727138337,3.0
www.tmz.com,0.17407407407407408,0.103239702701973,0.46419753086419746,0.17361378598762414,3.0
www.shtfplan.com,0.137104544118433,0.09518571725121924,0.4779464619742398,0.09128536222511457,3.0
survivalblog.com,-0.012401795735129069,0.10743330769347323,0.37244668911335577,0.1465492163959945,3.0
people.com,-0.06666666666666667,0.06359594676112972,0.35888888888888887,0.1895706650224054,3.0
www.syllad.com,0.076984126984127,0.1630619245319041,0.28904761904761905,0.2589867750675002,3.0
screenrant.com,0.06900252525252525,0.1276571818572569,0.45199915824915826,0.11732271891026058,3.0
sputnikglobe.com,0.2873737373737374,0.1867410156276908,0.5521717171717172,0.3050691386709775,3.0
refractor.io,0.13819691419691418,0.1926951090113383,0.48995715395715395,0.1595834743769853,3.0
www.theatlantic.com,0.19145791245791247,0.1954849260791855,0.5064152637485971,0.17976629029848123,3.0
www.techradar.com,0.0716540404040404,0.1244841763681412,0.4543139730639731,0.1009845361693339,3.0
www.newscientist.com,0.11515151515151517,0.11999387801953537,0.5337995337995338,0.09362159713612096,2.0
www.staradvertiser.com,-0.05969696969696969,0.3398398045338983,0.5487878787878788,0.07242487637607664,2.0
www.sfgate.com,-0.05208333333333333,0.18266925180652477,0.39791666666666664,0.07660323462854261,2.0
hollywoodlife.com,0.0869419642857143,0.1119059615761746,0.3544642857142857,0.16541247917042448,2.0
www.fairobserver.com,-0.007738095238095238,0.3072547323012974,0.3952380952380953,0.1481557065343242,2.0
www.celebitchy.com,-0.02027777777777777,0.12688638351291934,0.365,0.12020815280171311,2.0
www.core77.com,-0.049999999999999996,0.21213203435596423,0.4845238095238096,0.23401867282126218,2.0
www.news24.com,0.021944444444444447,0.11745829309709874,0.35777777777777775,0.14456405304258305,2.0
www.tomshardware.com,0.135,0.19091883092036785,0.19,0.26870057685088805,2.0
www.democracynow.org,-0.020000000000000004,0.028284271247461894,0.3291666666666666,0.27695015596473105,2.0
www.today.com,0.10555555555555556,0.007856742013183853,0.47500000000000003,0.10606601717798214,2.0
science.nasa.gov,0.2,0.04949747468305833,0.62,0.09192388155425125,2.0
everything-everywhere.com,-0.016666666666666677,0.16499158227686112,0.4916666666666667,0.20034692133618853,2.0
consequence.net,0.18409090909090908,0.18963318222730136,0.5386363636363637,0.19606142569263355,2.0
www.fark.com,0.25,0.3535533905932738,0.25,0.3535533905932738,2.0
www.yankodesign.com,-0.09772727272727273,0.4274781904445946,0.5515151515151515,0.07285342594043216,2.0
www.jw.org,-0.30416666666666664,0.41837151220204055,0.49583333333333335,0.1473139127471974,2.0
www.lifesciencesworld.com,0.15438988095238096,0.08365325759572993,0.639608134920635,0.05152479472038874,2.0
www.loudersound.com,-0.04739583333333334,0.21581488217464417,0.3776041666666667,0.031672491240647443,2.0
www.jezebel.com,0.24437229437229435,0.09275036999979386,0.609018759018759,0.1598898017488196,2.0
allthatsinteresting.com,0.05952380952380953,0.10438242960372844,0.38809523809523805,0.346819040296259,2.0
www.zdnet.com,0.11742424242424243,0.09428090415820632,0.646969696969697,0.08249579113843056,2.0
blog.livedoor.jp,0.15,0.21213203435596426,0.45,0.6363961030678927,2.0
www.thurrott.com,0.302177368086459,0.0948278293015271,0.4426308539944903,0.22255358058006353,2.0
cheezburger.com,0.20446428571428574,0.04671955518553974,0.4397817460317461,0.10536452235537645,2.0
www.memeorandum.com,0.13123067408781694,0.053962261470884315,0.5451736755308183,0.3675942194322336,2.0
www.mentalfloss.com,0.1408882783882784,0.002266367888418443,0.48645260989010985,0.28956896860060355,2.0
www.haaretz.com,0.17188533057851238,0.03625383218004994,0.4271556473829201,0.06294808714612476,2.0
www.gov.uk,-0.19583333333333333,0.10017346066809422,0.42083333333333334,0.04124789556921528,2.0
www.freep.com,0.10104166666666668,0.10459287805051017,0.6125,0.017677669529663625,2.0
www.business-standard.com,0.19166666666666665,0.2710575994548432,0.4666666666666667,0.023570226039551636,2.0
www.cnet.com,0.17083333333333334,0.12267231279675711,0.5083333333333333,0.13392173886108852,2.0
www.androidauthority.com,-0.1125,0.15909902576697318,0.19375,0.2740038777097872,2.0
news.sankakucomplex.com,-0.08333333333333333,0.11785113019775792,0.06666666666666667,0.09428090415820634,2.0
mypeoplesreview.com,0.15999999999999998,0.014142135623730933,0.4288888888888889,0.16656293067949784,2.0
www.bellingcat.com,-0.0972623966942149,0.10404501639153299,0.4455521120293847,0.2518134514039559,2.0
peoplesreview.com.np,-0.0023809523809523725,0.3602877408902885,0.5904761904761905,0.06734350297014746,2.0
www.smithsonianmag.com,0.15477994227994224,0.3288862817401932,0.527507215007215,0.007474108473580824,2.0
www.accuweather.com,0.06666666666666667,0.047140452079103175,0.26666666666666666,0.1885618083164127,2.0
www.popularmechanics.com,0.007500000000000007,0.010606601717798222,0.7975,0.28637824638055176,2.0
news.climate.columbia.edu,0.16499999999999998,0.007071067811865472,0.33333333333333337,0.018856180831641253,2.0
www.blogger.com,0.42142857142857143,0.5353808486126717,0.6027777777777777,0.42033569770533663,2.0
www.blogto.com,0.06455555555555555,0.06583949807048076,0.3355,0.12091525958289963,2.0
www.prnewswire.com,0.0,0.0,0.3222222222222222,0.2514157444218836,2.0
sports.yahoo.com,0.17295454545454547,0.031176980806861408,0.37,0.04242640687119287,2.0
www.womansworld.com,0.0,1.0,0.0,1.0,1.0
www.wpxi.com,0.0,1.0,0.0,1.0,1.0
www.myrtlebeachonline.com,0.0,1.0,0.0,1.0,1.0
www.motorbiscuit.com,0.0,1.0,0.0,1.0,1.0
www.terra.com.br,0.0,1.0,0.0,1.0,1.0
www.psychologytoday.com,0.0,1.0,0.0,1.0,1.0
www.motherjones.com,0.0,1.0,0.0,1.0,1.0
www.thelocal.se,0.0,1.0,0.0,1.0,1.0
www.mensjournal.com,0.0,1.0,0.0,1.0,1.0
www.thenakedscientists.com,0.0,1.0,0.0,1.0,1.0
www.rnz.co.nz,0.0,1.0,0.0,1.0,1.0
www.rollingstone.com,0.0,1.0,0.0,1.0,1.0
www.salon.com,0.0,1.0,0.0,1.0,1.0
www.wsbtv.com,0.0,1.0,0.0,1.0,1.0
www.wsoctv.com,0.0,1.0,0.0,1.0,1.0
www.nasa.gov,0.0,1.0,0.0,1.0,1.0
www.sammobile.com,0.0,1.0,0.0,1.0,1.0
www.mediafax.ro,0.0,1.0,0.0,1.0,1.0
www.mcsweeneys.net,0.0,1.0,0.0,1.0,1.0
www3.nhk.or.jp,0.0,1.0,0.0,1.0,1.0
wwwnc.cdc.gov,0.0,1.0,0.0,1.0,1.0
www.mccoveychronicles.com,0.0,1.0,0.0,1.0,1.0
www.marca.com,0.0,1.0,0.0,1.0,1.0
www.scoop.co.nz,0.0,1.0,0.0,1.0,1.0
xkcd.com,0.0,1.0,0.0,1.0,1.0
www.slashfilm.com,0.0,1.0,0.0,1.0,1.0
www.seattlepi.com,0.0,1.0,0.0,1.0,1.0
www.kron4.com,0.0,1.0,0.0,1.0,1.0
www.theadvocate.com,0.0,1.0,0.0,1.0,1.0
www.thestranger.com,0.0,1.0,0.0,1.0,1.0
www.windowscentral.com,0.0,1.0,0.0,1.0,1.0
www.toxel.com,0.0,1.0,0.0,1.0,1.0
www.politico.eu,0.0,1.0,0.0,1.0,1.0
www.pcgamer.com,0.0,1.0,0.0,1.0,1.0
www.trend.az,0.0,1.0,0.0,1.0,1.0
www.newyorker.com,0.0,1.0,0.0,1.0,1.0
www.sportingnews.com,0.0,1.0,0.0,1.0,1.0
www.nextgov.com,0.0,1.0,0.0,1.0,1.0
www.space.com,0.0,1.0,0.0,1.0,1.0
www.thenewhumanitarian.org,0.0,1.0,0.0,1.0,1.0
www.niemanlab.org,0.0,1.0,0.0,1.0,1.0
www.the-independent.com,0.0,1.0,0.0,1.0,1.0
www.nybooks.com,0.0,1.0,0.0,1.0,1.0
www.orartswatch.org,0.0,1.0,0.0,1.0,1.0
www.openculture.com,0.0,1.0,0.0,1.0,1.0
www.theweathernetwork.com,0.0,1.0,0.0,1.0,1.0
www.soompi.com,0.0,1.0,0.0,1.0,1.0
www.ubergizmo.com,0.0,1.0,0.0,1.0,1.0
www.propublica.org,0.0,1.0,0.0,1.0,1.0
www.vanityfair.com,0.0,1.0,0.0,1.0,1.0
www.thesunchronicle.com,0.0,1.0,0.0,1.0,1.0
www.wimp.com,0.0,1.0,0.0,1.0,1.0
www.technologyreview.com,0.0,1.0,0.0,1.0,1.0
www.washington.edu,0.0,1.0,0.0,1.0,1.0
www.vvdailypress.com,0.0,1.0,0.0,1.0,1.0
www.vintag.es,0.0,1.0,0.0,1.0,1.0
www.usmagazine.com,0.0,1.0,0.0,1.0,1.0
www.snopes.com,0.0,1.0,0.0,1.0,1.0
www.princeton.edu,0.0,1.0,0.0,1.0,1.0
www.nbcmiami.com,0.0,1.0,0.0,1.0,1.0
www.powerlineblog.com,0.0,1.0,0.0,1.0,1.0
www.universetoday.com,0.0,1.0,0.0,1.0,1.0
www.nbcsports.com,0.0,1.0,0.0,1.0,1.0
www.popsci.com,0.0,1.0,0.0,1.0,1.0
www.trendwatching.com,0.0,1.0,0.0,1.0,1.0
1000mg.jp,0.0,1.0,0.0,1.0,1.0
www.khon2.com,0.0,1.0,0.0,1.0,1.0
johnchow.com,0.0,1.0,0.0,1.0,1.0
kotaku.com,0.0,1.0,0.0,1.0,1.0
kottke.org,0.0,1.0,0.0,1.0,1.0
lastwordonnothing.com,0.0,1.0,0.0,1.0,1.0
lenscratch.com,0.0,1.0,0.0,1.0,1.0
lithub.com,0.0,1.0,0.0,1.0,1.0
matadornetwork.com,0.0,1.0,0.0,1.0,1.0
mediatakeout.com,0.0,1.0,0.0,1.0,1.0
metalinjection.net,0.0,1.0,0.0,1.0,1.0
muslimmatters.org,0.0,1.0,0.0,1.0,1.0
newhumanist.org.uk,0.0,1.0,0.0,1.0,1.0
news.mit.edu,0.0,1.0,0.0,1.0,1.0
okmagazine.com,0.0,1.0,0.0,1.0,1.0
pagesix.com,0.0,1.0,0.0,1.0,1.0
petapixel.com,0.0,1.0,0.0,1.0,1.0
politicalwire.com,0.0,1.0,0.0,1.0,1.0
roadsandkingdoms.com,0.0,1.0,0.0,1.0,1.0
romapress.net,0.0,1.0,0.0,1.0,1.0
rpnradio.com,0.0,1.0,0.0,1.0,1.0
scienceblog.com,0.0,1.0,0.0,1.0,1.0
seahawkswire.usatoday.com,0.0,1.0,0.0,1.0,1.0
sf.funcheap.com,0.0,1.0,0.0,1.0,1.0
singularityhub.com,0.0,1.0,0.0,1.0,1.0
socialmediaexplorer.com,0.0,1.0,0.0,1.0,1.0
soranews24.com,0.0,1.0,0.0,1.0,1.0
statetimes.in,0.0,1.0,0.0,1.0,1.0
klaxon.live,0.0,1.0,0.0,1.0,1.0
jetswire.usatoday.com,0.0,1.0,0.0,1.0,1.0
thediplomat.com,0.0,1.0,0.0,1.0,1.0
izismile.com,0.0,1.0,0.0,1.0,1.0
allears.net,0.0,1.0,0.0,1.0,1.0
answersingenesis.org,0.0,1.0,0.0,1.0,1.0
appleinsider.com,0.0,1.0,0.0,1.0,1.0
assetstore.unity.com,0.0,1.0,0.0,1.0,1.0
bleedingcool.com,0.0,1.0,0.0,1.0,1.0
blog.cloudflare.com,0.0,1.0,0.0,1.0,1.0
boingboing.net,0.0,1.0,0.0,1.0,1.0
bringatrailer.com,0.0,1.0,0.0,1.0,1.0
cnalifestyle.channelnewsasia.com,0.0,1.0,0.0,1.0,1.0
collegesportswire.usatoday.com,0.0,1.0,0.0,1.0,1.0
crankyflier.com,0.0,1.0,0.0,1.0,1.0
crimethinc.com,0.0,1.0,0.0,1.0,1.0
dailypsychedelicvideo.com,0.0,1.0,0.0,1.0,1.0
dailyreckoning.com,0.0,1.0,0.0,1.0,1.0
deadline.com,0.0,1.0,0.0,1.0,1.0
decider.com,0.0,1.0,0.0,1.0,1.0
djmag.com,0.0,1.0,0.0,1.0,1.0
english.elpais.com,0.0,1.0,0.0,1.0,1.0
english.shannews.org,0.0,1.0,0.0,1.0,1.0
finance.yahoo.com,0.0,1.0,0.0,1.0,1.0
fortune.com,0.0,1.0,0.0,1.0,1.0
futurism.com,0.0,1.0,0.0,1.0,1.0
hackread.com,0.0,1.0,0.0,1.0,1.0
iasexamportal.com,0.0,1.0,0.0,1.0,1.0
inthesetimes.com,0.0,1.0,0.0,1.0,1.0
tagn.wordpress.com,0.0,1.0,0.0,1.0,1.0
thehockeynews.com,0.0,1.0,0.0,1.0,1.0
www.kentucky.com,0.0,1.0,0.0,1.0,1.0
www.cincinnati.com,0.0,1.0,0.0,1.0,1.0
abc7.com,0.0,1.0,0.0,1.0,1.0
www.crossway.org,0.0,1.0,0.0,1.0,1.0
www.dazeddigital.com,0.0,1.0,0.0,1.0,1.0
www.denverpost.com,0.0,1.0,0.0,1.0,1.0
www.desertsun.com,0.0,1.0,0.0,1.0,1.0
www.detroitnews.com,0.0,1.0,0.0,1.0,1.0
www.disneyfoodblog.com,0.0,1.0,0.0,1.0,1.0
www.disneytouristblog.com,0.0,1.0,0.0,1.0,1.0
www.droidgamers.com,0.0,1.0,0.0,1.0,1.0
www.fox5vegas.com,0.0,1.0,0.0,1.0,1.0
www.futurity.org,0.0,1.0,0.0,1.0,1.0
www.ghacks.net,0.0,1.0,0.0,1.0,1.0
www.gsmarena.com,0.0,1.0,0.0,1.0,1.0
www.hawaiinewsnow.com,0.0,1.0,0.0,1.0,1.0
www.highsnobiety.com,0.0,1.0,0.0,1.0,1.0
www.hospitalitynet.org,0.0,1.0,0.0,1.0,1.0
www.housedigest.com,0.0,1.0,0.0,1.0,1.0
www.hrw.org,0.0,1.0,0.0,1.0,1.0
www.indiablooms.com,0.0,1.0,0.0,1.0,1.0
www.indiewire.com,0.0,1.0,0.0,1.0,1.0
www.itsnicethat.com,0.0,1.0,0.0,1.0,1.0
www.japantimes.co.jp,0.0,1.0,0.0,1.0,1.0
www.jns.org,0.0,1.0,0.0,1.0,1.0
www.jsg.utexas.edu,0.0,1.0,0.0,1.0,1.0
www.juancole.com,0.0,1.0,0.0,1.0,1.0
www.cnbctv18.com,0.0,1.0,0.0,1.0,1.0
www.christianity.com,0.0,1.0,0.0,1.0,1.0
theintercept.com,0.0,1.0,0.0,1.0,1.0
www.cbssports.com,0.0,1.0,0.0,1.0,1.0
timesofmalta.com,0.0,1.0,0.0,1.0,1.0
turkisharchaeonews.net,0.0,1.0,0.0,1.0,1.0
twistedsifter.com,0.0,1.0,0.0,1.0,1.0
uk.pcmag.com,0.0,1.0,0.0,1.0,1.0
wattsupwiththat.com,0.0,1.0,0.0,1.0,1.0
wccftech.com,0.0,1.0,0.0,1.0,1.0
weather.com,0.0,1.0,0.0,1.0,1.0
whdh.com,0.0,1.0,0.0,1.0,1.0
worldsoccertalk.com,0.0,1.0,0.0,1.0,1.0
wwd.com,0.0,1.0,0.0,1.0,1.0
www.abc4.com,0.0,1.0,0.0,1.0,1.0
www.americanthinker.com,0.0,1.0,0.0,1.0,1.0
www.androidcentral.com,0.0,1.0,0.0,1.0,1.0
www.androidpolice.com,0.0,1.0,0.0,1.0,1.0
www.ansa.it,0.0,1.0,0.0,1.0,1.0
www.artofmanliness.com,0.0,1.0,0.0,1.0,1.0
www.barchart.com,0.0,1.0,0.0,1.0,1.0
www.biblegateway.com,0.0,1.0,0.0,1.0,1.0
www.bikeexif.com,0.0,1.0,0.0,1.0,1.0
www.bitdefender.com,0.0,1.0,0.0,1.0,1.0
www.bloomberg.com,0.0,1.0,0.0,1.0,1.0
www.bluetracker.gg,0.0,1.0,0.0,1.0,1.0
www.brownstoner.com,0.0,1.0,0.0,1.0,1.0
www.businessinsider.com,0.0,1.0,0.0,1.0,1.0
www.cartoonbrew.com,0.0,1.0,0.0,1.0,1.0
yle.fi,0.0,1.0,0.0,1.0,1.0
